2025-10-05T04:38:45.553Z [info]: 🚀 Aqua Assists Server running on port 5003
{
  "metadata": {
    "service": "Aqua Assists-api",
    "hostname": "Sandip_10",
    "environment": "development"
  }
}
2025-10-05T04:38:45.565Z [info]: 📚 API Documentation: http://localhost:5003/api-docs
{
  "metadata": {
    "service": "Aqua Assists-api",
    "hostname": "Sandip_10",
    "environment": "development"
  }
}
2025-10-05T04:38:45.567Z [info]: 🌍 Environment: development
{
  "metadata": {
    "service": "Aqua Assists-api",
    "hostname": "Sandip_10",
    "environment": "development"
  }
}
2025-10-05T04:38:47.299Z [info]: MongoDB Connected
{
  "metadata": {
    "service": "Aqua Assists-api",
    "hostname": "Sandip_10",
    "environment": "development"
  }
}
2025-10-05T04:39:23.328Z [info]: ::1 - - [05/Oct/2025:04:39:23 +0000] "GET /api/emergency/contacts HTTP/1.1" 304 - "http://localhost:5173/" "Mozilla/5.0 (Windows NT 10.0; Win64; x64) AppleWebKit/537.36 (KHTML, like Gecko) Chrome/131.0.0.0 Safari/537.36"
{
  "metadata": {
    "service": "Aqua Assists-api",
    "hostname": "Sandip_10",
    "environment": "development"
  }
}
2025-10-05T04:39:23.480Z [info]: ::1 - - [05/Oct/2025:04:39:23 +0000] "GET /api/alerts/active HTTP/1.1" 200 69 "http://localhost:5173/" "Mozilla/5.0 (Windows NT 10.0; Win64; x64) AppleWebKit/537.36 (KHTML, like Gecko) Chrome/131.0.0.0 Safari/537.36"
{
  "metadata": {
    "service": "Aqua Assists-api",
    "hostname": "Sandip_10",
    "environment": "development"
  }
}
2025-10-05T04:39:24.918Z [info]: ::1 - - [05/Oct/2025:04:39:24 +0000] "GET /api/weather/forecast?lat=20.5937&lon=78.9629 HTTP/1.1" 200 725 "http://localhost:5173/" "Mozilla/5.0 (Windows NT 10.0; Win64; x64) AppleWebKit/537.36 (KHTML, like Gecko) Chrome/131.0.0.0 Safari/537.36"
{
  "metadata": {
    "service": "Aqua Assists-api",
    "hostname": "Sandip_10",
    "environment": "development"
  }
}
2025-10-05T04:40:19.598Z [info]: ::1 - - [05/Oct/2025:04:40:19 +0000] "POST /api/auth/login HTTP/1.1" 200 972 "http://localhost:5173/" "Mozilla/5.0 (Windows NT 10.0; Win64; x64) AppleWebKit/537.36 (KHTML, like Gecko) Chrome/131.0.0.0 Safari/537.36"
{
  "metadata": {
    "service": "Aqua Assists-api",
    "hostname": "Sandip_10",
    "environment": "development"
  }
}
2025-10-05T04:40:21.712Z [info]: ::1 - - [05/Oct/2025:04:40:21 +0000] "GET /api/alerts?status=active HTTP/1.1" 200 68 "http://localhost:5173/" "Mozilla/5.0 (Windows NT 10.0; Win64; x64) AppleWebKit/537.36 (KHTML, like Gecko) Chrome/131.0.0.0 Safari/537.36"
{
  "metadata": {
    "service": "Aqua Assists-api",
    "hostname": "Sandip_10",
    "environment": "development"
  }
}
2025-10-05T04:40:21.743Z [info]: ::1 - - [05/Oct/2025:04:40:21 +0000] "GET /api/alerts/nearby?status=active&lat=18.5499648&lng=73.8164736&radius=50 HTTP/1.1" 200 97 "http://localhost:5173/" "Mozilla/5.0 (Windows NT 10.0; Win64; x64) AppleWebKit/537.36 (KHTML, like Gecko) Chrome/131.0.0.0 Safari/537.36"
{
  "metadata": {
    "service": "Aqua Assists-api",
    "hostname": "Sandip_10",
    "environment": "development"
  }
}
2025-10-05T04:40:21.775Z [info]: ::1 - - [05/Oct/2025:04:40:21 +0000] "GET /api/alerts?status=active HTTP/1.1" 200 67 "http://localhost:5173/" "Mozilla/5.0 (Windows NT 10.0; Win64; x64) AppleWebKit/537.36 (KHTML, like Gecko) Chrome/131.0.0.0 Safari/537.36"
{
  "metadata": {
    "service": "Aqua Assists-api",
    "hostname": "Sandip_10",
    "environment": "development"
  }
}
2025-10-05T04:40:21.852Z [info]: ::1 - - [05/Oct/2025:04:40:21 +0000] "GET /api/alerts/nearby?status=active&lat=18.5499648&lng=73.8164736&radius=50 HTTP/1.1" 304 - "http://localhost:5173/" "Mozilla/5.0 (Windows NT 10.0; Win64; x64) AppleWebKit/537.36 (KHTML, like Gecko) Chrome/131.0.0.0 Safari/537.36"
{
  "metadata": {
    "service": "Aqua Assists-api",
    "hostname": "Sandip_10",
    "environment": "development"
  }
}
2025-10-05T04:40:27.025Z [info]: ::1 - - [05/Oct/2025:04:40:27 +0000] "GET /api/auth/profile HTTP/1.1" 200 571 "http://localhost:5173/" "Mozilla/5.0 (Windows NT 10.0; Win64; x64) AppleWebKit/537.36 (KHTML, like Gecko) Chrome/131.0.0.0 Safari/537.36"
{
  "metadata": {
    "service": "Aqua Assists-api",
    "hostname": "Sandip_10",
    "environment": "development"
  }
}
2025-10-05T04:40:27.467Z [info]: ::1 - - [05/Oct/2025:04:40:27 +0000] "GET /api/notifications HTTP/1.1" 304 - "http://localhost:5173/citizen-dashboard" "Mozilla/5.0 (Windows NT 10.0; Win64; x64) AppleWebKit/537.36 (KHTML, like Gecko) Chrome/131.0.0.0 Safari/537.36"
{
  "metadata": {
    "service": "Aqua Assists-api",
    "hostname": "Sandip_10",
    "environment": "development"
  }
}
2025-10-05T04:40:27.483Z [info]: ::1 - - [05/Oct/2025:04:40:27 +0000] "GET /api/alerts?status=active HTTP/1.1" 304 - "http://localhost:5173/" "Mozilla/5.0 (Windows NT 10.0; Win64; x64) AppleWebKit/537.36 (KHTML, like Gecko) Chrome/131.0.0.0 Safari/537.36"
{
  "metadata": {
    "service": "Aqua Assists-api",
    "hostname": "Sandip_10",
    "environment": "development"
  }
}
2025-10-05T04:40:27.550Z [info]: ::1 - - [05/Oct/2025:04:40:27 +0000] "GET /api/alerts?status=active HTTP/1.1" 304 - "http://localhost:5173/" "Mozilla/5.0 (Windows NT 10.0; Win64; x64) AppleWebKit/537.36 (KHTML, like Gecko) Chrome/131.0.0.0 Safari/537.36"
{
  "metadata": {
    "service": "Aqua Assists-api",
    "hostname": "Sandip_10",
    "environment": "development"
  }
}
2025-10-05T04:40:27.729Z [info]: ::1 - - [05/Oct/2025:04:40:27 +0000] "GET /api/alerts/nearby?status=active&lat=18.5499648&lng=73.8164736&radius=50 HTTP/1.1" 304 - "http://localhost:5173/" "Mozilla/5.0 (Windows NT 10.0; Win64; x64) AppleWebKit/537.36 (KHTML, like Gecko) Chrome/131.0.0.0 Safari/537.36"
{
  "metadata": {
    "service": "Aqua Assists-api",
    "hostname": "Sandip_10",
    "environment": "development"
  }
}
2025-10-05T04:40:27.744Z [info]: ::1 - - [05/Oct/2025:04:40:27 +0000] "GET /api/emergency/contacts HTTP/1.1" 304 - "http://localhost:5173/" "Mozilla/5.0 (Windows NT 10.0; Win64; x64) AppleWebKit/537.36 (KHTML, like Gecko) Chrome/131.0.0.0 Safari/537.36"
{
  "metadata": {
    "service": "Aqua Assists-api",
    "hostname": "Sandip_10",
    "environment": "development"
  }
}
2025-10-05T04:40:27.849Z [info]: ::1 - - [05/Oct/2025:04:40:27 +0000] "GET /api/alerts/nearby?status=active&lat=18.5499648&lng=73.8164736&radius=50 HTTP/1.1" 304 - "http://localhost:5173/" "Mozilla/5.0 (Windows NT 10.0; Win64; x64) AppleWebKit/537.36 (KHTML, like Gecko) Chrome/131.0.0.0 Safari/537.36"
{
  "metadata": {
    "service": "Aqua Assists-api",
    "hostname": "Sandip_10",
    "environment": "development"
  }
}
2025-10-05T04:40:28.198Z [info]: ::1 - - [05/Oct/2025:04:40:28 +0000] "GET /api/alerts/active HTTP/1.1" 200 68 "http://localhost:5173/" "Mozilla/5.0 (Windows NT 10.0; Win64; x64) AppleWebKit/537.36 (KHTML, like Gecko) Chrome/131.0.0.0 Safari/537.36"
{
  "metadata": {
    "service": "Aqua Assists-api",
    "hostname": "Sandip_10",
    "environment": "development"
  }
}
2025-10-05T04:40:28.278Z [info]: ::1 - - [05/Oct/2025:04:40:28 +0000] "GET /api/disaster-prone-areas HTTP/1.1" 304 - "http://localhost:5173/" "Mozilla/5.0 (Windows NT 10.0; Win64; x64) AppleWebKit/537.36 (KHTML, like Gecko) Chrome/131.0.0.0 Safari/537.36"
{
  "metadata": {
    "service": "Aqua Assists-api",
    "hostname": "Sandip_10",
    "environment": "development"
  }
}
2025-10-05T04:40:28.292Z [info]: ::1 - - [05/Oct/2025:04:40:28 +0000] "GET /api/evacuation-centers HTTP/1.1" 304 - "http://localhost:5173/" "Mozilla/5.0 (Windows NT 10.0; Win64; x64) AppleWebKit/537.36 (KHTML, like Gecko) Chrome/131.0.0.0 Safari/537.36"
{
  "metadata": {
    "service": "Aqua Assists-api",
    "hostname": "Sandip_10",
    "environment": "development"
  }
}
2025-10-05T04:40:28.363Z [info]: ::1 - - [05/Oct/2025:04:40:28 +0000] "GET /api/weather/forecast?lat=20.5937&lon=78.9629 HTTP/1.1" 200 725 "http://localhost:5173/" "Mozilla/5.0 (Windows NT 10.0; Win64; x64) AppleWebKit/537.36 (KHTML, like Gecko) Chrome/131.0.0.0 Safari/537.36"
{
  "metadata": {
    "service": "Aqua Assists-api",
    "hostname": "Sandip_10",
    "environment": "development"
  }
}
2025-10-05T04:40:55.971Z [info]: ::1 - - [05/Oct/2025:04:40:55 +0000] "GET /api/flood-reports?sortBy=newest&limit=20 HTTP/1.1" 304 - "http://localhost:5173/" "Mozilla/5.0 (Windows NT 10.0; Win64; x64) AppleWebKit/537.36 (KHTML, like Gecko) Chrome/131.0.0.0 Safari/537.36"
{
  "metadata": {
    "service": "Aqua Assists-api",
    "hostname": "Sandip_10",
    "environment": "development"
  }
}
2025-10-05T04:41:01.816Z [info]: ::1 - - [05/Oct/2025:04:41:01 +0000] "GET /api/water-issues?district=&state=&issueType=&severity=&status=&verificationStatus=&startDate=&endDate=&sortBy=createdAt&sortOrder=desc&page=1&limit=10 HTTP/1.1" 304 - "http://localhost:5173/" "Mozilla/5.0 (Windows NT 10.0; Win64; x64) AppleWebKit/537.36 (KHTML, like Gecko) Chrome/131.0.0.0 Safari/537.36"
{
  "metadata": {
    "service": "Aqua Assists-api",
    "hostname": "Sandip_10",
    "environment": "development"
  }
}
2025-10-05T04:41:03.398Z [info]: ::1 - - [05/Oct/2025:04:41:03 +0000] "GET /api/alerts?status=active HTTP/1.1" 304 - "http://localhost:5173/" "Mozilla/5.0 (Windows NT 10.0; Win64; x64) AppleWebKit/537.36 (KHTML, like Gecko) Chrome/131.0.0.0 Safari/537.36"
{
  "metadata": {
    "service": "Aqua Assists-api",
    "hostname": "Sandip_10",
    "environment": "development"
  }
}
2025-10-05T04:41:03.441Z [info]: ::1 - - [05/Oct/2025:04:41:03 +0000] "GET /api/alerts/nearby?status=active&radius=50&lat=18.5499648&lng=73.8164736 HTTP/1.1" 200 97 "http://localhost:5173/" "Mozilla/5.0 (Windows NT 10.0; Win64; x64) AppleWebKit/537.36 (KHTML, like Gecko) Chrome/131.0.0.0 Safari/537.36"
{
  "metadata": {
    "service": "Aqua Assists-api",
    "hostname": "Sandip_10",
    "environment": "development"
  }
}
2025-10-05T04:41:03.569Z [info]: ::1 - - [05/Oct/2025:04:41:03 +0000] "GET /api/alerts/nearby?status=active&lat=18.5499648&lng=73.8164736&radius=50 HTTP/1.1" 304 - "http://localhost:5173/" "Mozilla/5.0 (Windows NT 10.0; Win64; x64) AppleWebKit/537.36 (KHTML, like Gecko) Chrome/131.0.0.0 Safari/537.36"
{
  "metadata": {
    "service": "Aqua Assists-api",
    "hostname": "Sandip_10",
    "environment": "development"
  }
}
2025-10-05T04:41:06.040Z [info]: ::1 - - [05/Oct/2025:04:41:06 +0000] "GET /api/auth/profile HTTP/1.1" 304 - "http://localhost:5173/" "Mozilla/5.0 (Windows NT 10.0; Win64; x64) AppleWebKit/537.36 (KHTML, like Gecko) Chrome/131.0.0.0 Safari/537.36"
{
  "metadata": {
    "service": "Aqua Assists-api",
    "hostname": "Sandip_10",
    "environment": "development"
  }
}
2025-10-05T04:41:10.406Z [info]: ::1 - - [05/Oct/2025:04:41:10 +0000] "GET /api/alerts?status=active HTTP/1.1" 304 - "http://localhost:5173/" "Mozilla/5.0 (Windows NT 10.0; Win64; x64) AppleWebKit/537.36 (KHTML, like Gecko) Chrome/131.0.0.0 Safari/537.36"
{
  "metadata": {
    "service": "Aqua Assists-api",
    "hostname": "Sandip_10",
    "environment": "development"
  }
}
2025-10-05T04:41:10.489Z [info]: ::1 - - [05/Oct/2025:04:41:10 +0000] "GET /api/alerts?status=active HTTP/1.1" 304 - "http://localhost:5173/" "Mozilla/5.0 (Windows NT 10.0; Win64; x64) AppleWebKit/537.36 (KHTML, like Gecko) Chrome/131.0.0.0 Safari/537.36"
{
  "metadata": {
    "service": "Aqua Assists-api",
    "hostname": "Sandip_10",
    "environment": "development"
  }
}
2025-10-05T04:41:10.563Z [info]: ::1 - - [05/Oct/2025:04:41:10 +0000] "GET /api/alerts/nearby?status=active&lat=18.5499648&lng=73.8164736&radius=50 HTTP/1.1" 304 - "http://localhost:5173/" "Mozilla/5.0 (Windows NT 10.0; Win64; x64) AppleWebKit/537.36 (KHTML, like Gecko) Chrome/131.0.0.0 Safari/537.36"
{
  "metadata": {
    "service": "Aqua Assists-api",
    "hostname": "Sandip_10",
    "environment": "development"
  }
}
2025-10-05T04:41:10.664Z [info]: ::1 - - [05/Oct/2025:04:41:10 +0000] "GET /api/alerts/nearby?status=active&lat=18.5499648&lng=73.8164736&radius=50 HTTP/1.1" 304 - "http://localhost:5173/" "Mozilla/5.0 (Windows NT 10.0; Win64; x64) AppleWebKit/537.36 (KHTML, like Gecko) Chrome/131.0.0.0 Safari/537.36"
{
  "metadata": {
    "service": "Aqua Assists-api",
    "hostname": "Sandip_10",
    "environment": "development"
  }
}
2025-10-05T04:41:18.221Z [info]: ::1 - - [05/Oct/2025:04:41:18 +0000] "GET /api/water-issues?district=&state=&issueType=&severity=&status=&verificationStatus=&startDate=&endDate=&sortBy=createdAt&sortOrder=desc&page=1&limit=10 HTTP/1.1" 304 - "http://localhost:5173/" "Mozilla/5.0 (Windows NT 10.0; Win64; x64) AppleWebKit/537.36 (KHTML, like Gecko) Chrome/131.0.0.0 Safari/537.36"
{
  "metadata": {
    "service": "Aqua Assists-api",
    "hostname": "Sandip_10",
    "environment": "development"
  }
}
2025-10-05T06:24:34.037Z [warn]: MongoDB disconnected
{
  "metadata": {
    "service": "Aqua Assists-api",
    "hostname": "Sandip_10",
    "environment": "development"
  }
}
2025-10-05T06:24:45.520Z [info]: MongoDB reconnected
{
  "metadata": {
    "service": "Aqua Assists-api",
    "hostname": "Sandip_10",
    "environment": "development"
  }
}
2025-10-05T06:24:45.585Z [info]: MongoDB reconnected
{
  "metadata": {
    "service": "Aqua Assists-api",
    "hostname": "Sandip_10",
    "environment": "development"
  }
}
2025-10-05T06:24:45.611Z [info]: ::1 - - [05/Oct/2025:06:24:45 +0000] "POST /api/auth/refresh-token HTTP/1.1" - - "http://localhost:5173/" "Mozilla/5.0 (Windows NT 10.0; Win64; x64) AppleWebKit/537.36 (KHTML, like Gecko) Chrome/131.0.0.0 Safari/537.36"
{
  "metadata": {
    "service": "Aqua Assists-api",
    "hostname": "Sandip_10",
    "environment": "development"
  }
}
2025-10-05T06:29:51.427Z [warn]: MongoDB disconnected
{
  "metadata": {
    "service": "Aqua Assists-api",
    "hostname": "Sandip_10",
    "environment": "development"
  }
}
2025-10-05T06:29:57.055Z [info]: MongoDB reconnected
{
  "metadata": {
    "service": "Aqua Assists-api",
    "hostname": "Sandip_10",
    "environment": "development"
  }
}
2025-10-05T06:29:57.057Z [info]: MongoDB reconnected
{
  "metadata": {
    "service": "Aqua Assists-api",
    "hostname": "Sandip_10",
    "environment": "development"
  }
}
2025-10-05T06:29:57.086Z [info]: ::1 - - [05/Oct/2025:06:29:57 +0000] "GET /api/weather/forecast?lat=20.5937&lon=78.9629 HTTP/1.1" 200 - "http://localhost:5173/" "Mozilla/5.0 (Windows NT 10.0; Win64; x64) AppleWebKit/537.36 (KHTML, like Gecko) Chrome/131.0.0.0 Safari/537.36"
{
  "metadata": {
    "service": "Aqua Assists-api",
    "hostname": "Sandip_10",
    "environment": "development"
  }
}
2025-10-05T06:30:10.547Z [info]: ::1 - - [05/Oct/2025:06:30:10 +0000] "POST /api/auth/login HTTP/1.1" 200 972 "http://localhost:5173/" "Mozilla/5.0 (Windows NT 10.0; Win64; x64) AppleWebKit/537.36 (KHTML, like Gecko) Chrome/131.0.0.0 Safari/537.36"
{
  "metadata": {
    "service": "Aqua Assists-api",
    "hostname": "Sandip_10",
    "environment": "development"
  }
}
2025-10-05T06:30:11.644Z [info]: ::1 - - [05/Oct/2025:06:30:11 +0000] "GET /api/alerts?status=active HTTP/1.1" 200 68 "http://localhost:5173/" "Mozilla/5.0 (Windows NT 10.0; Win64; x64) AppleWebKit/537.36 (KHTML, like Gecko) Chrome/131.0.0.0 Safari/537.36"
{
  "metadata": {
    "service": "Aqua Assists-api",
    "hostname": "Sandip_10",
    "environment": "development"
  }
}
2025-10-05T06:30:11.720Z [info]: ::1 - - [05/Oct/2025:06:30:11 +0000] "GET /api/alerts?status=active HTTP/1.1" 200 67 "http://localhost:5173/" "Mozilla/5.0 (Windows NT 10.0; Win64; x64) AppleWebKit/537.36 (KHTML, like Gecko) Chrome/131.0.0.0 Safari/537.36"
{
  "metadata": {
    "service": "Aqua Assists-api",
    "hostname": "Sandip_10",
    "environment": "development"
  }
}
2025-10-05T06:30:11.928Z [info]: ::1 - - [05/Oct/2025:06:30:11 +0000] "GET /api/alerts/nearby?status=active&lat=18.5270272&lng=73.8164736&radius=50 HTTP/1.1" 200 97 "http://localhost:5173/" "Mozilla/5.0 (Windows NT 10.0; Win64; x64) AppleWebKit/537.36 (KHTML, like Gecko) Chrome/131.0.0.0 Safari/537.36"
{
  "metadata": {
    "service": "Aqua Assists-api",
    "hostname": "Sandip_10",
    "environment": "development"
  }
}
2025-10-05T06:30:12.054Z [info]: ::1 - - [05/Oct/2025:06:30:12 +0000] "GET /api/alerts/nearby?status=active&lat=18.5270272&lng=73.8164736&radius=50 HTTP/1.1" 304 - "http://localhost:5173/" "Mozilla/5.0 (Windows NT 10.0; Win64; x64) AppleWebKit/537.36 (KHTML, like Gecko) Chrome/131.0.0.0 Safari/537.36"
{
  "metadata": {
    "service": "Aqua Assists-api",
    "hostname": "Sandip_10",
    "environment": "development"
  }
}
2025-10-05T06:30:16.050Z [info]: ::1 - - [05/Oct/2025:06:30:16 +0000] "GET /api/auth/profile HTTP/1.1" 200 571 "http://localhost:5173/" "Mozilla/5.0 (Windows NT 10.0; Win64; x64) AppleWebKit/537.36 (KHTML, like Gecko) Chrome/131.0.0.0 Safari/537.36"
{
  "metadata": {
    "service": "Aqua Assists-api",
    "hostname": "Sandip_10",
    "environment": "development"
  }
}
2025-10-05T06:30:16.748Z [info]: ::1 - - [05/Oct/2025:06:30:16 +0000] "GET /api/alerts?status=active HTTP/1.1" 304 - "http://localhost:5173/" "Mozilla/5.0 (Windows NT 10.0; Win64; x64) AppleWebKit/537.36 (KHTML, like Gecko) Chrome/131.0.0.0 Safari/537.36"
{
  "metadata": {
    "service": "Aqua Assists-api",
    "hostname": "Sandip_10",
    "environment": "development"
  }
}
2025-10-05T06:30:17.021Z [info]: ::1 - - [05/Oct/2025:06:30:17 +0000] "GET /api/emergency/contacts HTTP/1.1" 304 - "http://localhost:5173/" "Mozilla/5.0 (Windows NT 10.0; Win64; x64) AppleWebKit/537.36 (KHTML, like Gecko) Chrome/131.0.0.0 Safari/537.36"
{
  "metadata": {
    "service": "Aqua Assists-api",
    "hostname": "Sandip_10",
    "environment": "development"
  }
}
2025-10-05T06:30:17.054Z [info]: ::1 - - [05/Oct/2025:06:30:17 +0000] "GET /api/alerts?status=active HTTP/1.1" 304 - "http://localhost:5173/" "Mozilla/5.0 (Windows NT 10.0; Win64; x64) AppleWebKit/537.36 (KHTML, like Gecko) Chrome/131.0.0.0 Safari/537.36"
{
  "metadata": {
    "service": "Aqua Assists-api",
    "hostname": "Sandip_10",
    "environment": "development"
  }
}
2025-10-05T06:30:17.175Z [info]: ::1 - - [05/Oct/2025:06:30:17 +0000] "GET /api/notifications HTTP/1.1" 304 - "http://localhost:5173/citizen-dashboard" "Mozilla/5.0 (Windows NT 10.0; Win64; x64) AppleWebKit/537.36 (KHTML, like Gecko) Chrome/131.0.0.0 Safari/537.36"
{
  "metadata": {
    "service": "Aqua Assists-api",
    "hostname": "Sandip_10",
    "environment": "development"
  }
}
2025-10-05T06:30:17.233Z [info]: ::1 - - [05/Oct/2025:06:30:17 +0000] "GET /api/alerts/active HTTP/1.1" 200 68 "http://localhost:5173/" "Mozilla/5.0 (Windows NT 10.0; Win64; x64) AppleWebKit/537.36 (KHTML, like Gecko) Chrome/131.0.0.0 Safari/537.36"
{
  "metadata": {
    "service": "Aqua Assists-api",
    "hostname": "Sandip_10",
    "environment": "development"
  }
}
2025-10-05T06:30:17.255Z [info]: ::1 - - [05/Oct/2025:06:30:17 +0000] "GET /api/alerts/nearby?status=active&lat=18.5270272&lng=73.8164736&radius=50 HTTP/1.1" 304 - "http://localhost:5173/" "Mozilla/5.0 (Windows NT 10.0; Win64; x64) AppleWebKit/537.36 (KHTML, like Gecko) Chrome/131.0.0.0 Safari/537.36"
{
  "metadata": {
    "service": "Aqua Assists-api",
    "hostname": "Sandip_10",
    "environment": "development"
  }
}
2025-10-05T06:30:17.300Z [info]: ::1 - - [05/Oct/2025:06:30:17 +0000] "GET /api/disaster-prone-areas HTTP/1.1" 304 - "http://localhost:5173/" "Mozilla/5.0 (Windows NT 10.0; Win64; x64) AppleWebKit/537.36 (KHTML, like Gecko) Chrome/131.0.0.0 Safari/537.36"
{
  "metadata": {
    "service": "Aqua Assists-api",
    "hostname": "Sandip_10",
    "environment": "development"
  }
}
2025-10-05T06:30:17.315Z [info]: ::1 - - [05/Oct/2025:06:30:17 +0000] "GET /api/evacuation-centers HTTP/1.1" 304 - "http://localhost:5173/" "Mozilla/5.0 (Windows NT 10.0; Win64; x64) AppleWebKit/537.36 (KHTML, like Gecko) Chrome/131.0.0.0 Safari/537.36"
{
  "metadata": {
    "service": "Aqua Assists-api",
    "hostname": "Sandip_10",
    "environment": "development"
  }
}
2025-10-05T06:30:17.370Z [info]: ::1 - - [05/Oct/2025:06:30:17 +0000] "GET /api/alerts/nearby?status=active&lat=18.5270272&lng=73.8164736&radius=50 HTTP/1.1" 304 - "http://localhost:5173/" "Mozilla/5.0 (Windows NT 10.0; Win64; x64) AppleWebKit/537.36 (KHTML, like Gecko) Chrome/131.0.0.0 Safari/537.36"
{
  "metadata": {
    "service": "Aqua Assists-api",
    "hostname": "Sandip_10",
    "environment": "development"
  }
}
2025-10-05T06:30:17.722Z [info]: ::1 - - [05/Oct/2025:06:30:17 +0000] "GET /api/weather/forecast?lat=20.5937&lon=78.9629 HTTP/1.1" 200 723 "http://localhost:5173/" "Mozilla/5.0 (Windows NT 10.0; Win64; x64) AppleWebKit/537.36 (KHTML, like Gecko) Chrome/131.0.0.0 Safari/537.36"
{
  "metadata": {
    "service": "Aqua Assists-api",
    "hostname": "Sandip_10",
    "environment": "development"
  }
}
2025-10-05T06:30:31.502Z [info]: ::1 - - [05/Oct/2025:06:30:31 +0000] "GET /api/alerts?status=active HTTP/1.1" 304 - "http://localhost:5173/" "Mozilla/5.0 (Windows NT 10.0; Win64; x64) AppleWebKit/537.36 (KHTML, like Gecko) Chrome/131.0.0.0 Safari/537.36"
{
  "metadata": {
    "service": "Aqua Assists-api",
    "hostname": "Sandip_10",
    "environment": "development"
  }
}
2025-10-05T06:30:31.576Z [info]: ::1 - - [05/Oct/2025:06:30:31 +0000] "GET /api/alerts?status=active HTTP/1.1" 304 - "http://localhost:5173/" "Mozilla/5.0 (Windows NT 10.0; Win64; x64) AppleWebKit/537.36 (KHTML, like Gecko) Chrome/131.0.0.0 Safari/537.36"
{
  "metadata": {
    "service": "Aqua Assists-api",
    "hostname": "Sandip_10",
    "environment": "development"
  }
}
2025-10-05T06:30:31.676Z [info]: ::1 - - [05/Oct/2025:06:30:31 +0000] "GET /api/alerts/nearby?status=active&lat=18.5270272&lng=73.8164736&radius=50 HTTP/1.1" 304 - "http://localhost:5173/" "Mozilla/5.0 (Windows NT 10.0; Win64; x64) AppleWebKit/537.36 (KHTML, like Gecko) Chrome/131.0.0.0 Safari/537.36"
{
  "metadata": {
    "service": "Aqua Assists-api",
    "hostname": "Sandip_10",
    "environment": "development"
  }
}
2025-10-05T06:30:32.085Z [info]: ::1 - - [05/Oct/2025:06:30:32 +0000] "GET /api/alerts/nearby?status=active&lat=18.5270272&lng=73.8164736&radius=50 HTTP/1.1" 304 - "http://localhost:5173/" "Mozilla/5.0 (Windows NT 10.0; Win64; x64) AppleWebKit/537.36 (KHTML, like Gecko) Chrome/131.0.0.0 Safari/537.36"
{
  "metadata": {
    "service": "Aqua Assists-api",
    "hostname": "Sandip_10",
    "environment": "development"
  }
}
2025-10-05T06:30:50.056Z [info]: ::1 - - [05/Oct/2025:06:30:50 +0000] "GET /api/flood-reports?sortBy=newest&limit=20 HTTP/1.1" 304 - "http://localhost:5173/" "Mozilla/5.0 (Windows NT 10.0; Win64; x64) AppleWebKit/537.36 (KHTML, like Gecko) Chrome/131.0.0.0 Safari/537.36"
{
  "metadata": {
    "service": "Aqua Assists-api",
    "hostname": "Sandip_10",
    "environment": "development"
  }
}
2025-10-05T06:30:53.363Z [info]: ::1 - - [05/Oct/2025:06:30:53 +0000] "GET /api/water-issues?district=&state=&issueType=&severity=&status=&verificationStatus=&startDate=&endDate=&sortBy=createdAt&sortOrder=desc&page=1&limit=10 HTTP/1.1" 304 - "http://localhost:5173/" "Mozilla/5.0 (Windows NT 10.0; Win64; x64) AppleWebKit/537.36 (KHTML, like Gecko) Chrome/131.0.0.0 Safari/537.36"
{
  "metadata": {
    "service": "Aqua Assists-api",
    "hostname": "Sandip_10",
    "environment": "development"
  }
}
2025-10-05T06:30:55.389Z [info]: ::1 - - [05/Oct/2025:06:30:55 +0000] "GET /api/alerts?status=active HTTP/1.1" 304 - "http://localhost:5173/" "Mozilla/5.0 (Windows NT 10.0; Win64; x64) AppleWebKit/537.36 (KHTML, like Gecko) Chrome/131.0.0.0 Safari/537.36"
{
  "metadata": {
    "service": "Aqua Assists-api",
    "hostname": "Sandip_10",
    "environment": "development"
  }
}
2025-10-05T06:30:55.578Z [info]: ::1 - - [05/Oct/2025:06:30:55 +0000] "GET /api/alerts/nearby?status=active&radius=50&lat=18.5270272&lng=73.8164736 HTTP/1.1" 200 97 "http://localhost:5173/" "Mozilla/5.0 (Windows NT 10.0; Win64; x64) AppleWebKit/537.36 (KHTML, like Gecko) Chrome/131.0.0.0 Safari/537.36"
{
  "metadata": {
    "service": "Aqua Assists-api",
    "hostname": "Sandip_10",
    "environment": "development"
  }
}
2025-10-05T06:30:55.756Z [info]: ::1 - - [05/Oct/2025:06:30:55 +0000] "GET /api/alerts/nearby?status=active&lat=18.5270272&lng=73.8164736&radius=50 HTTP/1.1" 304 - "http://localhost:5173/" "Mozilla/5.0 (Windows NT 10.0; Win64; x64) AppleWebKit/537.36 (KHTML, like Gecko) Chrome/131.0.0.0 Safari/537.36"
{
  "metadata": {
    "service": "Aqua Assists-api",
    "hostname": "Sandip_10",
    "environment": "development"
  }
}
2025-10-05T06:30:59.291Z [info]: ::1 - - [05/Oct/2025:06:30:59 +0000] "GET /api/alerts?status=active HTTP/1.1" 304 - "http://localhost:5173/" "Mozilla/5.0 (Windows NT 10.0; Win64; x64) AppleWebKit/537.36 (KHTML, like Gecko) Chrome/131.0.0.0 Safari/537.36"
{
  "metadata": {
    "service": "Aqua Assists-api",
    "hostname": "Sandip_10",
    "environment": "development"
  }
}
2025-10-05T06:30:59.409Z [info]: ::1 - - [05/Oct/2025:06:30:59 +0000] "GET /api/alerts/nearby?status=active&radius=50&lat=18.5270272&lng=73.8164736 HTTP/1.1" 304 - "http://localhost:5173/" "Mozilla/5.0 (Windows NT 10.0; Win64; x64) AppleWebKit/537.36 (KHTML, like Gecko) Chrome/131.0.0.0 Safari/537.36"
{
  "metadata": {
    "service": "Aqua Assists-api",
    "hostname": "Sandip_10",
    "environment": "development"
  }
}
2025-10-05T06:30:59.714Z [info]: ::1 - - [05/Oct/2025:06:30:59 +0000] "GET /api/alerts/nearby?status=active&lat=18.5270272&lng=73.8164736&radius=50 HTTP/1.1" 304 - "http://localhost:5173/" "Mozilla/5.0 (Windows NT 10.0; Win64; x64) AppleWebKit/537.36 (KHTML, like Gecko) Chrome/131.0.0.0 Safari/537.36"
{
  "metadata": {
    "service": "Aqua Assists-api",
    "hostname": "Sandip_10",
    "environment": "development"
  }
}
2025-10-05T06:31:04.897Z [info]: ::1 - - [05/Oct/2025:06:31:04 +0000] "GET /api/auth/profile HTTP/1.1" 304 - "http://localhost:5173/" "Mozilla/5.0 (Windows NT 10.0; Win64; x64) AppleWebKit/537.36 (KHTML, like Gecko) Chrome/131.0.0.0 Safari/537.36"
{
  "metadata": {
    "service": "Aqua Assists-api",
    "hostname": "Sandip_10",
    "environment": "development"
  }
}
2025-10-05T06:31:09.213Z [info]: ::1 - - [05/Oct/2025:06:31:09 +0000] "GET /api/alerts?status=active HTTP/1.1" 304 - "http://localhost:5173/" "Mozilla/5.0 (Windows NT 10.0; Win64; x64) AppleWebKit/537.36 (KHTML, like Gecko) Chrome/131.0.0.0 Safari/537.36"
{
  "metadata": {
    "service": "Aqua Assists-api",
    "hostname": "Sandip_10",
    "environment": "development"
  }
}
2025-10-05T06:31:09.286Z [info]: ::1 - - [05/Oct/2025:06:31:09 +0000] "GET /api/alerts?status=active HTTP/1.1" 304 - "http://localhost:5173/" "Mozilla/5.0 (Windows NT 10.0; Win64; x64) AppleWebKit/537.36 (KHTML, like Gecko) Chrome/131.0.0.0 Safari/537.36"
{
  "metadata": {
    "service": "Aqua Assists-api",
    "hostname": "Sandip_10",
    "environment": "development"
  }
}
2025-10-05T06:31:09.360Z [info]: ::1 - - [05/Oct/2025:06:31:09 +0000] "GET /api/alerts/nearby?status=active&lat=18.5270272&lng=73.8164736&radius=50 HTTP/1.1" 304 - "http://localhost:5173/" "Mozilla/5.0 (Windows NT 10.0; Win64; x64) AppleWebKit/537.36 (KHTML, like Gecko) Chrome/131.0.0.0 Safari/537.36"
{
  "metadata": {
    "service": "Aqua Assists-api",
    "hostname": "Sandip_10",
    "environment": "development"
  }
}
2025-10-05T06:31:09.450Z [info]: ::1 - - [05/Oct/2025:06:31:09 +0000] "GET /api/alerts/nearby?status=active&lat=18.5270272&lng=73.8164736&radius=50 HTTP/1.1" 304 - "http://localhost:5173/" "Mozilla/5.0 (Windows NT 10.0; Win64; x64) AppleWebKit/537.36 (KHTML, like Gecko) Chrome/131.0.0.0 Safari/537.36"
{
  "metadata": {
    "service": "Aqua Assists-api",
    "hostname": "Sandip_10",
    "environment": "development"
  }
}
2025-10-05T06:31:24.802Z [info]: ::1 - - [05/Oct/2025:06:31:24 +0000] "GET /api/auth/profile HTTP/1.1" 200 571 "http://localhost:5173/" "Mozilla/5.0 (Windows NT 10.0; Win64; x64) AppleWebKit/537.36 (KHTML, like Gecko) Chrome/131.0.0.0 Safari/537.36"
{
  "metadata": {
    "service": "Aqua Assists-api",
    "hostname": "Sandip_10",
    "environment": "development"
  }
}
2025-10-05T06:31:25.200Z [info]: ::1 - - [05/Oct/2025:06:31:25 +0000] "GET /api/emergency/contacts HTTP/1.1" 304 - "http://localhost:5173/" "Mozilla/5.0 (Windows NT 10.0; Win64; x64) AppleWebKit/537.36 (KHTML, like Gecko) Chrome/131.0.0.0 Safari/537.36"
{
  "metadata": {
    "service": "Aqua Assists-api",
    "hostname": "Sandip_10",
    "environment": "development"
  }
}
2025-10-05T06:31:25.230Z [info]: ::1 - - [05/Oct/2025:06:31:25 +0000] "GET /api/alerts?status=active HTTP/1.1" 304 - "http://localhost:5173/" "Mozilla/5.0 (Windows NT 10.0; Win64; x64) AppleWebKit/537.36 (KHTML, like Gecko) Chrome/131.0.0.0 Safari/537.36"
{
  "metadata": {
    "service": "Aqua Assists-api",
    "hostname": "Sandip_10",
    "environment": "development"
  }
}
2025-10-05T06:31:25.251Z [info]: ::1 - - [05/Oct/2025:06:31:25 +0000] "GET /api/alerts/active HTTP/1.1" 200 67 "http://localhost:5173/" "Mozilla/5.0 (Windows NT 10.0; Win64; x64) AppleWebKit/537.36 (KHTML, like Gecko) Chrome/131.0.0.0 Safari/537.36"
{
  "metadata": {
    "service": "Aqua Assists-api",
    "hostname": "Sandip_10",
    "environment": "development"
  }
}
2025-10-05T06:31:25.275Z [info]: ::1 - - [05/Oct/2025:06:31:25 +0000] "GET /api/disaster-prone-areas HTTP/1.1" 304 - "http://localhost:5173/" "Mozilla/5.0 (Windows NT 10.0; Win64; x64) AppleWebKit/537.36 (KHTML, like Gecko) Chrome/131.0.0.0 Safari/537.36"
{
  "metadata": {
    "service": "Aqua Assists-api",
    "hostname": "Sandip_10",
    "environment": "development"
  }
}
2025-10-05T06:31:25.290Z [info]: ::1 - - [05/Oct/2025:06:31:25 +0000] "GET /api/alerts?status=active HTTP/1.1" 304 - "http://localhost:5173/" "Mozilla/5.0 (Windows NT 10.0; Win64; x64) AppleWebKit/537.36 (KHTML, like Gecko) Chrome/131.0.0.0 Safari/537.36"
{
  "metadata": {
    "service": "Aqua Assists-api",
    "hostname": "Sandip_10",
    "environment": "development"
  }
}
2025-10-05T06:31:25.302Z [info]: ::1 - - [05/Oct/2025:06:31:25 +0000] "GET /api/evacuation-centers HTTP/1.1" 304 - "http://localhost:5173/" "Mozilla/5.0 (Windows NT 10.0; Win64; x64) AppleWebKit/537.36 (KHTML, like Gecko) Chrome/131.0.0.0 Safari/537.36"
{
  "metadata": {
    "service": "Aqua Assists-api",
    "hostname": "Sandip_10",
    "environment": "development"
  }
}
2025-10-05T06:31:25.332Z [info]: ::1 - - [05/Oct/2025:06:31:25 +0000] "GET /api/weather/forecast?lat=20.5937&lon=78.9629 HTTP/1.1" 200 723 "http://localhost:5173/" "Mozilla/5.0 (Windows NT 10.0; Win64; x64) AppleWebKit/537.36 (KHTML, like Gecko) Chrome/131.0.0.0 Safari/537.36"
{
  "metadata": {
    "service": "Aqua Assists-api",
    "hostname": "Sandip_10",
    "environment": "development"
  }
}
2025-10-05T06:31:25.365Z [info]: ::1 - - [05/Oct/2025:06:31:25 +0000] "GET /api/notifications HTTP/1.1" 304 - "http://localhost:5173/citizen-dashboard" "Mozilla/5.0 (Windows NT 10.0; Win64; x64) AppleWebKit/537.36 (KHTML, like Gecko) Chrome/131.0.0.0 Safari/537.36"
{
  "metadata": {
    "service": "Aqua Assists-api",
    "hostname": "Sandip_10",
    "environment": "development"
  }
}
2025-10-05T06:31:25.669Z [info]: ::1 - - [05/Oct/2025:06:31:25 +0000] "GET /api/alerts/nearby?status=active&lat=18.5270272&lng=73.8164736&radius=50 HTTP/1.1" 304 - "http://localhost:5173/" "Mozilla/5.0 (Windows NT 10.0; Win64; x64) AppleWebKit/537.36 (KHTML, like Gecko) Chrome/131.0.0.0 Safari/537.36"
{
  "metadata": {
    "service": "Aqua Assists-api",
    "hostname": "Sandip_10",
    "environment": "development"
  }
}
2025-10-05T06:31:25.750Z [info]: ::1 - - [05/Oct/2025:06:31:25 +0000] "GET /api/alerts/nearby?status=active&lat=18.5270272&lng=73.8164736&radius=50 HTTP/1.1" 304 - "http://localhost:5173/" "Mozilla/5.0 (Windows NT 10.0; Win64; x64) AppleWebKit/537.36 (KHTML, like Gecko) Chrome/131.0.0.0 Safari/537.36"
{
  "metadata": {
    "service": "Aqua Assists-api",
    "hostname": "Sandip_10",
    "environment": "development"
  }
}
2025-10-05T06:31:38.480Z [info]: ::1 - - [05/Oct/2025:06:31:38 +0000] "GET /api/auth/profile HTTP/1.1" 200 571 "http://localhost:5173/" "Mozilla/5.0 (Windows NT 10.0; Win64; x64) AppleWebKit/537.36 (KHTML, like Gecko) Chrome/131.0.0.0 Safari/537.36"
{
  "metadata": {
    "service": "Aqua Assists-api",
    "hostname": "Sandip_10",
    "environment": "development"
  }
}
2025-10-05T06:31:38.626Z [info]: ::1 - - [05/Oct/2025:06:31:38 +0000] "GET /api/emergency/contacts HTTP/1.1" 304 - "http://localhost:5173/" "Mozilla/5.0 (Windows NT 10.0; Win64; x64) AppleWebKit/537.36 (KHTML, like Gecko) Chrome/131.0.0.0 Safari/537.36"
{
  "metadata": {
    "service": "Aqua Assists-api",
    "hostname": "Sandip_10",
    "environment": "development"
  }
}
2025-10-05T06:31:38.818Z [info]: ::1 - - [05/Oct/2025:06:31:38 +0000] "GET /api/alerts/active HTTP/1.1" 304 - "http://localhost:5173/" "Mozilla/5.0 (Windows NT 10.0; Win64; x64) AppleWebKit/537.36 (KHTML, like Gecko) Chrome/131.0.0.0 Safari/537.36"
{
  "metadata": {
    "service": "Aqua Assists-api",
    "hostname": "Sandip_10",
    "environment": "development"
  }
}
2025-10-05T06:31:38.893Z [info]: ::1 - - [05/Oct/2025:06:31:38 +0000] "GET /api/notifications HTTP/1.1" 304 - "http://localhost:5173/citizen-dashboard" "Mozilla/5.0 (Windows NT 10.0; Win64; x64) AppleWebKit/537.36 (KHTML, like Gecko) Chrome/131.0.0.0 Safari/537.36"
{
  "metadata": {
    "service": "Aqua Assists-api",
    "hostname": "Sandip_10",
    "environment": "development"
  }
}
2025-10-05T06:31:39.371Z [info]: ::1 - - [05/Oct/2025:06:31:39 +0000] "GET /api/disaster-prone-areas HTTP/1.1" 304 - "http://localhost:5173/" "Mozilla/5.0 (Windows NT 10.0; Win64; x64) AppleWebKit/537.36 (KHTML, like Gecko) Chrome/131.0.0.0 Safari/537.36"
{
  "metadata": {
    "service": "Aqua Assists-api",
    "hostname": "Sandip_10",
    "environment": "development"
  }
}
2025-10-05T06:31:39.419Z [info]: ::1 - - [05/Oct/2025:06:31:39 +0000] "GET /api/alerts?status=active HTTP/1.1" 304 - "http://localhost:5173/" "Mozilla/5.0 (Windows NT 10.0; Win64; x64) AppleWebKit/537.36 (KHTML, like Gecko) Chrome/131.0.0.0 Safari/537.36"
{
  "metadata": {
    "service": "Aqua Assists-api",
    "hostname": "Sandip_10",
    "environment": "development"
  }
}
2025-10-05T06:31:40.020Z [info]: ::1 - - [05/Oct/2025:06:31:40 +0000] "GET /api/alerts?status=active HTTP/1.1" 304 - "http://localhost:5173/" "Mozilla/5.0 (Windows NT 10.0; Win64; x64) AppleWebKit/537.36 (KHTML, like Gecko) Chrome/131.0.0.0 Safari/537.36"
{
  "metadata": {
    "service": "Aqua Assists-api",
    "hostname": "Sandip_10",
    "environment": "development"
  }
}
2025-10-05T06:31:40.648Z [info]: ::1 - - [05/Oct/2025:06:31:40 +0000] "GET /api/evacuation-centers HTTP/1.1" 304 - "http://localhost:5173/" "Mozilla/5.0 (Windows NT 10.0; Win64; x64) AppleWebKit/537.36 (KHTML, like Gecko) Chrome/131.0.0.0 Safari/537.36"
{
  "metadata": {
    "service": "Aqua Assists-api",
    "hostname": "Sandip_10",
    "environment": "development"
  }
}
2025-10-05T06:31:40.734Z [info]: ::1 - - [05/Oct/2025:06:31:40 +0000] "GET /api/alerts/nearby?status=active&lat=18.5270272&lng=73.8164736&radius=50 HTTP/1.1" 304 - "http://localhost:5173/" "Mozilla/5.0 (Windows NT 10.0; Win64; x64) AppleWebKit/537.36 (KHTML, like Gecko) Chrome/131.0.0.0 Safari/537.36"
{
  "metadata": {
    "service": "Aqua Assists-api",
    "hostname": "Sandip_10",
    "environment": "development"
  }
}
2025-10-05T06:31:41.678Z [info]: ::1 - - [05/Oct/2025:06:31:41 +0000] "GET /api/weather/forecast?lat=20.5937&lon=78.9629 HTTP/1.1" 200 723 "http://localhost:5173/" "Mozilla/5.0 (Windows NT 10.0; Win64; x64) AppleWebKit/537.36 (KHTML, like Gecko) Chrome/131.0.0.0 Safari/537.36"
{
  "metadata": {
    "service": "Aqua Assists-api",
    "hostname": "Sandip_10",
    "environment": "development"
  }
}
2025-10-05T06:31:41.876Z [info]: ::1 - - [05/Oct/2025:06:31:41 +0000] "GET /api/alerts/nearby?status=active&lat=18.5270272&lng=73.8164736&radius=50 HTTP/1.1" 304 - "http://localhost:5173/" "Mozilla/5.0 (Windows NT 10.0; Win64; x64) AppleWebKit/537.36 (KHTML, like Gecko) Chrome/131.0.0.0 Safari/537.36"
{
  "metadata": {
    "service": "Aqua Assists-api",
    "hostname": "Sandip_10",
    "environment": "development"
  }
}
2025-10-05T06:31:49.031Z [info]: ::1 - - [05/Oct/2025:06:31:49 +0000] "GET /api/alerts?status=active HTTP/1.1" 304 - "http://localhost:5173/" "Mozilla/5.0 (Windows NT 10.0; Win64; x64) AppleWebKit/537.36 (KHTML, like Gecko) Chrome/131.0.0.0 Safari/537.36"
{
  "metadata": {
    "service": "Aqua Assists-api",
    "hostname": "Sandip_10",
    "environment": "development"
  }
}
2025-10-05T06:31:51.391Z [info]: ::1 - - [05/Oct/2025:06:31:51 +0000] "GET /api/alerts/nearby?status=active&lat=18.5270272&lng=73.8164736&radius=50 HTTP/1.1" 304 - "http://localhost:5173/" "Mozilla/5.0 (Windows NT 10.0; Win64; x64) AppleWebKit/537.36 (KHTML, like Gecko) Chrome/131.0.0.0 Safari/537.36"
{
  "metadata": {
    "service": "Aqua Assists-api",
    "hostname": "Sandip_10",
    "environment": "development"
  }
}
2025-10-05T06:31:53.197Z [info]: ::1 - - [05/Oct/2025:06:31:53 +0000] "GET /api/alerts?status=active HTTP/1.1" 304 - "http://localhost:5173/" "Mozilla/5.0 (Windows NT 10.0; Win64; x64) AppleWebKit/537.36 (KHTML, like Gecko) Chrome/131.0.0.0 Safari/537.36"
{
  "metadata": {
    "service": "Aqua Assists-api",
    "hostname": "Sandip_10",
    "environment": "development"
  }
}
2025-10-05T06:31:55.942Z [info]: ::1 - - [05/Oct/2025:06:31:55 +0000] "GET /api/alerts/nearby?status=active&lat=18.5270272&lng=73.8164736&radius=50 HTTP/1.1" 304 - "http://localhost:5173/" "Mozilla/5.0 (Windows NT 10.0; Win64; x64) AppleWebKit/537.36 (KHTML, like Gecko) Chrome/131.0.0.0 Safari/537.36"
{
  "metadata": {
    "service": "Aqua Assists-api",
    "hostname": "Sandip_10",
    "environment": "development"
  }
}
2025-10-05T06:32:02.930Z [info]: ::1 - - [05/Oct/2025:06:32:02 +0000] "GET /api/alerts?status=active HTTP/1.1" 304 - "http://localhost:5173/" "Mozilla/5.0 (Windows NT 10.0; Win64; x64) AppleWebKit/537.36 (KHTML, like Gecko) Chrome/131.0.0.0 Safari/537.36"
{
  "metadata": {
    "service": "Aqua Assists-api",
    "hostname": "Sandip_10",
    "environment": "development"
  }
}
2025-10-05T06:32:05.606Z [info]: ::1 - - [05/Oct/2025:06:32:05 +0000] "GET /api/alerts/nearby?status=active&lat=18.5270272&lng=73.8164736&radius=50 HTTP/1.1" 304 - "http://localhost:5173/" "Mozilla/5.0 (Windows NT 10.0; Win64; x64) AppleWebKit/537.36 (KHTML, like Gecko) Chrome/131.0.0.0 Safari/537.36"
{
  "metadata": {
    "service": "Aqua Assists-api",
    "hostname": "Sandip_10",
    "environment": "development"
  }
}
2025-10-05T06:32:07.828Z [info]: ::1 - - [05/Oct/2025:06:32:07 +0000] "GET /api/alerts?status=active HTTP/1.1" 304 - "http://localhost:5173/" "Mozilla/5.0 (Windows NT 10.0; Win64; x64) AppleWebKit/537.36 (KHTML, like Gecko) Chrome/131.0.0.0 Safari/537.36"
{
  "metadata": {
    "service": "Aqua Assists-api",
    "hostname": "Sandip_10",
    "environment": "development"
  }
}
2025-10-05T06:32:10.971Z [info]: ::1 - - [05/Oct/2025:06:32:10 +0000] "GET /api/alerts/nearby?status=active&lat=18.5270272&lng=73.8164736&radius=50 HTTP/1.1" 304 - "http://localhost:5173/" "Mozilla/5.0 (Windows NT 10.0; Win64; x64) AppleWebKit/537.36 (KHTML, like Gecko) Chrome/131.0.0.0 Safari/537.36"
{
  "metadata": {
    "service": "Aqua Assists-api",
    "hostname": "Sandip_10",
    "environment": "development"
  }
}
2025-10-05T06:32:11.161Z [info]: ::1 - - [05/Oct/2025:06:32:11 +0000] "GET /api/notifications HTTP/1.1" 304 - "http://localhost:5173/citizen-dashboard" "Mozilla/5.0 (Windows NT 10.0; Win64; x64) AppleWebKit/537.36 (KHTML, like Gecko) Chrome/131.0.0.0 Safari/537.36"
{
  "metadata": {
    "service": "Aqua Assists-api",
    "hostname": "Sandip_10",
    "environment": "development"
  }
}
2025-10-05T06:32:26.104Z [info]: ::1 - - [05/Oct/2025:06:32:26 +0000] "GET /api/flood-reports?sortBy=newest&limit=20 HTTP/1.1" 304 - "http://localhost:5173/" "Mozilla/5.0 (Windows NT 10.0; Win64; x64) AppleWebKit/537.36 (KHTML, like Gecko) Chrome/131.0.0.0 Safari/537.36"
{
  "metadata": {
    "service": "Aqua Assists-api",
    "hostname": "Sandip_10",
    "environment": "development"
  }
}
2025-10-05T06:32:27.427Z [info]: ::1 - - [05/Oct/2025:06:32:27 +0000] "GET /api/water-issues?district=&state=&issueType=&severity=&status=&verificationStatus=&startDate=&endDate=&sortBy=createdAt&sortOrder=desc&page=1&limit=10 HTTP/1.1" 304 - "http://localhost:5173/" "Mozilla/5.0 (Windows NT 10.0; Win64; x64) AppleWebKit/537.36 (KHTML, like Gecko) Chrome/131.0.0.0 Safari/537.36"
{
  "metadata": {
    "service": "Aqua Assists-api",
    "hostname": "Sandip_10",
    "environment": "development"
  }
}
2025-10-05T06:32:32.674Z [info]: ::1 - - [05/Oct/2025:06:32:32 +0000] "GET /api/alerts/nearby?status=active&radius=50&lat=18.5270272&lng=73.8164736 HTTP/1.1" 304 - "http://localhost:5173/" "Mozilla/5.0 (Windows NT 10.0; Win64; x64) AppleWebKit/537.36 (KHTML, like Gecko) Chrome/131.0.0.0 Safari/537.36"
{
  "metadata": {
    "service": "Aqua Assists-api",
    "hostname": "Sandip_10",
    "environment": "development"
  }
}
2025-10-05T06:32:32.684Z [info]: ::1 - - [05/Oct/2025:06:32:32 +0000] "GET /api/alerts?status=active HTTP/1.1" 200 68 "http://localhost:5173/" "Mozilla/5.0 (Windows NT 10.0; Win64; x64) AppleWebKit/537.36 (KHTML, like Gecko) Chrome/131.0.0.0 Safari/537.36"
{
  "metadata": {
    "service": "Aqua Assists-api",
    "hostname": "Sandip_10",
    "environment": "development"
  }
}
2025-10-05T06:32:36.039Z [info]: ::1 - - [05/Oct/2025:06:32:36 +0000] "GET /api/alerts?status=active HTTP/1.1" 200 67 "http://localhost:5173/" "Mozilla/5.0 (Windows NT 10.0; Win64; x64) AppleWebKit/537.36 (KHTML, like Gecko) Chrome/131.0.0.0 Safari/537.36"
{
  "metadata": {
    "service": "Aqua Assists-api",
    "hostname": "Sandip_10",
    "environment": "development"
  }
}
2025-10-05T06:32:36.758Z [info]: ::1 - - [05/Oct/2025:06:32:36 +0000] "GET /api/alerts/nearby?status=active&lat=18.5270272&lng=73.8164736&radius=50 HTTP/1.1" 304 - "http://localhost:5173/" "Mozilla/5.0 (Windows NT 10.0; Win64; x64) AppleWebKit/537.36 (KHTML, like Gecko) Chrome/131.0.0.0 Safari/537.36"
{
  "metadata": {
    "service": "Aqua Assists-api",
    "hostname": "Sandip_10",
    "environment": "development"
  }
}
2025-10-05T06:32:40.496Z [info]: ::1 - - [05/Oct/2025:06:32:40 +0000] "GET /api/alerts/nearby?status=active&lat=18.5270272&lng=73.8164736&radius=50 HTTP/1.1" 304 - "http://localhost:5173/" "Mozilla/5.0 (Windows NT 10.0; Win64; x64) AppleWebKit/537.36 (KHTML, like Gecko) Chrome/131.0.0.0 Safari/537.36"
{
  "metadata": {
    "service": "Aqua Assists-api",
    "hostname": "Sandip_10",
    "environment": "development"
  }
}
2025-10-05T06:33:05.738Z [info]: ::1 - - [05/Oct/2025:06:33:05 +0000] "GET /api/alerts?status=active HTTP/1.1" 304 - "http://localhost:5173/" "Mozilla/5.0 (Windows NT 10.0; Win64; x64) AppleWebKit/537.36 (KHTML, like Gecko) Chrome/131.0.0.0 Safari/537.36"
{
  "metadata": {
    "service": "Aqua Assists-api",
    "hostname": "Sandip_10",
    "environment": "development"
  }
}
2025-10-05T06:33:05.769Z [info]: ::1 - - [05/Oct/2025:06:33:05 +0000] "GET /api/alerts/nearby?status=active&radius=50&lat=18.5270272&lng=73.8164736 HTTP/1.1" 304 - "http://localhost:5173/" "Mozilla/5.0 (Windows NT 10.0; Win64; x64) AppleWebKit/537.36 (KHTML, like Gecko) Chrome/131.0.0.0 Safari/537.36"
{
  "metadata": {
    "service": "Aqua Assists-api",
    "hostname": "Sandip_10",
    "environment": "development"
  }
}
2025-10-05T06:33:07.394Z [info]: ::1 - - [05/Oct/2025:06:33:07 +0000] "GET /api/auth/profile HTTP/1.1" 304 - "http://localhost:5173/" "Mozilla/5.0 (Windows NT 10.0; Win64; x64) AppleWebKit/537.36 (KHTML, like Gecko) Chrome/131.0.0.0 Safari/537.36"
{
  "metadata": {
    "service": "Aqua Assists-api",
    "hostname": "Sandip_10",
    "environment": "development"
  }
}
2025-10-05T06:33:09.889Z [info]: ::1 - - [05/Oct/2025:06:33:09 +0000] "GET /api/alerts/nearby?status=active&lat=18.5270272&lng=73.8164736&radius=50 HTTP/1.1" 304 - "http://localhost:5173/" "Mozilla/5.0 (Windows NT 10.0; Win64; x64) AppleWebKit/537.36 (KHTML, like Gecko) Chrome/131.0.0.0 Safari/537.36"
{
  "metadata": {
    "service": "Aqua Assists-api",
    "hostname": "Sandip_10",
    "environment": "development"
  }
}
2025-10-05T06:33:15.755Z [info]: ::1 - - [05/Oct/2025:06:33:15 +0000] "GET /api/alerts?status=active HTTP/1.1" 304 - "http://localhost:5173/" "Mozilla/5.0 (Windows NT 10.0; Win64; x64) AppleWebKit/537.36 (KHTML, like Gecko) Chrome/131.0.0.0 Safari/537.36"
{
  "metadata": {
    "service": "Aqua Assists-api",
    "hostname": "Sandip_10",
    "environment": "development"
  }
}
2025-10-05T06:33:27.578Z [info]: ::1 - - [05/Oct/2025:06:33:27 +0000] "GET /api/alerts?status=active HTTP/1.1" - - "http://localhost:5173/" "Mozilla/5.0 (Windows NT 10.0; Win64; x64) AppleWebKit/537.36 (KHTML, like Gecko) Chrome/131.0.0.0 Safari/537.36"
{
  "metadata": {
    "service": "Aqua Assists-api",
    "hostname": "Sandip_10",
    "environment": "development"
  }
}
2025-10-05T06:33:28.968Z [warn]: MongoDB disconnected
{
  "metadata": {
    "service": "Aqua Assists-api",
    "hostname": "Sandip_10",
    "environment": "development"
  }
}
2025-10-05T06:33:29.477Z [info]: ::1 - - [05/Oct/2025:06:33:29 +0000] "GET /api/alerts/nearby?status=active&lat=18.5270272&lng=73.8164736&radius=50 HTTP/1.1" - - "http://localhost:5173/" "Mozilla/5.0 (Windows NT 10.0; Win64; x64) AppleWebKit/537.36 (KHTML, like Gecko) Chrome/131.0.0.0 Safari/537.36"
{
  "metadata": {
    "service": "Aqua Assists-api",
    "hostname": "Sandip_10",
    "environment": "development"
  }
}
2025-10-05T06:33:38.975Z [error]: Authentication failed [db50c0a5-2b46-4225-b894-9022dcb6d05d]
{
  "metadata": {
    "service": "Aqua Assists-api",
    "hostname": "Sandip_10",
    "environment": "development",
    "correlationId": "db50c0a5-2b46-4225-b894-9022dcb6d05d",
    "url": "/api/alerts?status=active",
    "method": "GET",
    "ip": "::1",
    "userAgent": "Mozilla/5.0 (Windows NT 10.0; Win64; x64) AppleWebKit/537.36 (KHTML, like Gecko) Chrome/131.0.0.0 Safari/537.36",
    "userId": "anonymous",
    "requestQuery": {
      "status": "active"
    },
    "error": {
      "name": "AuthenticationError",
      "message": "Authentication failed",
      "stack": "AuthenticationError: Authentication failed\n    at auth (S:\\flood-disaster-management\\server\\middleware\\auth.js:134:7)\n    at processTicksAndRejections (node:internal/process/task_queues:95:5)\n    at runNextTicks (node:internal/process/task_queues:64:3)\n    at listOnTimeout (node:internal/timers:545:9)\n    at process.processTimers (node:internal/timers:519:7)",
      "errorCode": "ERR_AUTHENTICATION"
    }
  }
}
2025-10-05T06:33:44.119Z [error]: Authentication failed [9b3b6c7b-9260-4455-8b07-d14e0b077486]
{
  "metadata": {
    "service": "Aqua Assists-api",
    "hostname": "Sandip_10",
    "environment": "development",
    "correlationId": "9b3b6c7b-9260-4455-8b07-d14e0b077486",
    "url": "/api/auth/profile",
    "method": "GET",
    "ip": "::1",
    "userAgent": "Mozilla/5.0 (Windows NT 10.0; Win64; x64) AppleWebKit/537.36 (KHTML, like Gecko) Chrome/131.0.0.0 Safari/537.36",
    "userId": "anonymous",
    "error": {
      "name": "AuthenticationError",
      "message": "Authentication failed",
      "stack": "AuthenticationError: Authentication failed\n    at auth (S:\\flood-disaster-management\\server\\middleware\\auth.js:134:7)\n    at process.processTicksAndRejections (node:internal/process/task_queues:95:5)",
      "errorCode": "ERR_AUTHENTICATION"
    }
  }
}
2025-10-05T06:33:44.215Z [info]: ::1 - - [05/Oct/2025:06:33:44 +0000] "GET /api/auth/profile HTTP/1.1" 401 174 "http://localhost:5173/" "Mozilla/5.0 (Windows NT 10.0; Win64; x64) AppleWebKit/537.36 (KHTML, like Gecko) Chrome/131.0.0.0 Safari/537.36"
{
  "metadata": {
    "service": "Aqua Assists-api",
    "hostname": "Sandip_10",
    "environment": "development"
  }
}
2025-10-05T06:33:44.539Z [info]: ::1 - - [05/Oct/2025:06:33:44 +0000] "GET /api/emergency/contacts HTTP/1.1" - - "http://localhost:5173/" "Mozilla/5.0 (Windows NT 10.0; Win64; x64) AppleWebKit/537.36 (KHTML, like Gecko) Chrome/131.0.0.0 Safari/537.36"
{
  "metadata": {
    "service": "Aqua Assists-api",
    "hostname": "Sandip_10",
    "environment": "development"
  }
}
2025-10-05T06:33:48.741Z [info]: ::1 - - [05/Oct/2025:06:33:48 +0000] "GET /api/emergency/contacts HTTP/1.1" 200 230 "http://localhost:5173/" "Mozilla/5.0 (Windows NT 10.0; Win64; x64) AppleWebKit/537.36 (KHTML, like Gecko) Chrome/131.0.0.0 Safari/537.36"
{
  "metadata": {
    "service": "Aqua Assists-api",
    "hostname": "Sandip_10",
    "environment": "development"
  }
}
2025-10-05T06:33:48.779Z [info]: ::1 - - [05/Oct/2025:06:33:48 +0000] "GET /api/weather/forecast?lat=20.5937&lon=78.9629 HTTP/1.1" 200 723 "http://localhost:5173/" "Mozilla/5.0 (Windows NT 10.0; Win64; x64) AppleWebKit/537.36 (KHTML, like Gecko) Chrome/131.0.0.0 Safari/537.36"
{
  "metadata": {
    "service": "Aqua Assists-api",
    "hostname": "Sandip_10",
    "environment": "development"
  }
}
2025-10-05T06:33:53.822Z [info]: MongoDB reconnected
{
  "metadata": {
    "service": "Aqua Assists-api",
    "hostname": "Sandip_10",
    "environment": "development"
  }
}
2025-10-05T06:33:53.824Z [info]: MongoDB reconnected
{
  "metadata": {
    "service": "Aqua Assists-api",
    "hostname": "Sandip_10",
    "environment": "development"
  }
}
2025-10-05T06:33:54.165Z [info]: ::1 - - [05/Oct/2025:06:33:54 +0000] "GET /api/alerts/active HTTP/1.1" 200 70 "http://localhost:5173/" "Mozilla/5.0 (Windows NT 10.0; Win64; x64) AppleWebKit/537.36 (KHTML, like Gecko) Chrome/131.0.0.0 Safari/537.36"
{
  "metadata": {
    "service": "Aqua Assists-api",
    "hostname": "Sandip_10",
    "environment": "development"
  }
}
2025-10-05T06:33:56.399Z [info]: ::1 - - [05/Oct/2025:06:33:56 +0000] "POST /api/auth/login HTTP/1.1" 200 972 "http://localhost:5173/" "Mozilla/5.0 (Windows NT 10.0; Win64; x64) AppleWebKit/537.36 (KHTML, like Gecko) Chrome/131.0.0.0 Safari/537.36"
{
  "metadata": {
    "service": "Aqua Assists-api",
    "hostname": "Sandip_10",
    "environment": "development"
  }
}
2025-10-05T06:33:59.109Z [info]: ::1 - - [05/Oct/2025:06:33:59 +0000] "POST /api/auth/login HTTP/1.1" 200 972 "http://localhost:5173/" "Mozilla/5.0 (Windows NT 10.0; Win64; x64) AppleWebKit/537.36 (KHTML, like Gecko) Chrome/131.0.0.0 Safari/537.36"
{
  "metadata": {
    "service": "Aqua Assists-api",
    "hostname": "Sandip_10",
    "environment": "development"
  }
}
2025-10-05T06:33:59.801Z [info]: ::1 - - [05/Oct/2025:06:33:59 +0000] "GET /api/alerts?status=active HTTP/1.1" 200 67 "http://localhost:5173/" "Mozilla/5.0 (Windows NT 10.0; Win64; x64) AppleWebKit/537.36 (KHTML, like Gecko) Chrome/131.0.0.0 Safari/537.36"
{
  "metadata": {
    "service": "Aqua Assists-api",
    "hostname": "Sandip_10",
    "environment": "development"
  }
}
2025-10-05T06:34:00.329Z [info]: ::1 - - [05/Oct/2025:06:34:00 +0000] "GET /api/alerts/nearby?status=active&lat=18.5270272&lng=73.8164736&radius=50 HTTP/1.1" 200 97 "http://localhost:5173/" "Mozilla/5.0 (Windows NT 10.0; Win64; x64) AppleWebKit/537.36 (KHTML, like Gecko) Chrome/131.0.0.0 Safari/537.36"
{
  "metadata": {
    "service": "Aqua Assists-api",
    "hostname": "Sandip_10",
    "environment": "development"
  }
}
2025-10-05T06:34:02.911Z [info]: ::1 - - [05/Oct/2025:06:34:02 +0000] "GET /api/alerts?status=active HTTP/1.1" 304 - "http://localhost:5173/" "Mozilla/5.0 (Windows NT 10.0; Win64; x64) AppleWebKit/537.36 (KHTML, like Gecko) Chrome/131.0.0.0 Safari/537.36"
{
  "metadata": {
    "service": "Aqua Assists-api",
    "hostname": "Sandip_10",
    "environment": "development"
  }
}
2025-10-05T06:34:03.525Z [info]: ::1 - - [05/Oct/2025:06:34:03 +0000] "GET /api/alerts/nearby?status=active&lat=18.5270272&lng=73.8164736&radius=50 HTTP/1.1" 304 - "http://localhost:5173/" "Mozilla/5.0 (Windows NT 10.0; Win64; x64) AppleWebKit/537.36 (KHTML, like Gecko) Chrome/131.0.0.0 Safari/537.36"
{
  "metadata": {
    "service": "Aqua Assists-api",
    "hostname": "Sandip_10",
    "environment": "development"
  }
}
2025-10-05T06:34:06.502Z [info]: ::1 - - [05/Oct/2025:06:34:06 +0000] "GET /api/auth/profile HTTP/1.1" 200 571 "http://localhost:5173/" "Mozilla/5.0 (Windows NT 10.0; Win64; x64) AppleWebKit/537.36 (KHTML, like Gecko) Chrome/131.0.0.0 Safari/537.36"
{
  "metadata": {
    "service": "Aqua Assists-api",
    "hostname": "Sandip_10",
    "environment": "development"
  }
}
2025-10-05T06:34:09.845Z [info]: ::1 - - [05/Oct/2025:06:34:09 +0000] "GET /api/emergency/contacts HTTP/1.1" 304 - "http://localhost:5173/" "Mozilla/5.0 (Windows NT 10.0; Win64; x64) AppleWebKit/537.36 (KHTML, like Gecko) Chrome/131.0.0.0 Safari/537.36"
{
  "metadata": {
    "service": "Aqua Assists-api",
    "hostname": "Sandip_10",
    "environment": "development"
  }
}
2025-10-05T06:34:09.894Z [info]: ::1 - - [05/Oct/2025:06:34:09 +0000] "GET /api/alerts?status=active HTTP/1.1" 304 - "http://localhost:5173/" "Mozilla/5.0 (Windows NT 10.0; Win64; x64) AppleWebKit/537.36 (KHTML, like Gecko) Chrome/131.0.0.0 Safari/537.36"
{
  "metadata": {
    "service": "Aqua Assists-api",
    "hostname": "Sandip_10",
    "environment": "development"
  }
}
2025-10-05T06:34:09.963Z [info]: ::1 - - [05/Oct/2025:06:34:09 +0000] "GET /api/notifications HTTP/1.1" 304 - "http://localhost:5173/citizen-dashboard" "Mozilla/5.0 (Windows NT 10.0; Win64; x64) AppleWebKit/537.36 (KHTML, like Gecko) Chrome/131.0.0.0 Safari/537.36"
{
  "metadata": {
    "service": "Aqua Assists-api",
    "hostname": "Sandip_10",
    "environment": "development"
  }
}
2025-10-05T06:34:12.901Z [info]: ::1 - - [05/Oct/2025:06:34:12 +0000] "GET /api/alerts/active HTTP/1.1" 200 69 "http://localhost:5173/" "Mozilla/5.0 (Windows NT 10.0; Win64; x64) AppleWebKit/537.36 (KHTML, like Gecko) Chrome/131.0.0.0 Safari/537.36"
{
  "metadata": {
    "service": "Aqua Assists-api",
    "hostname": "Sandip_10",
    "environment": "development"
  }
}
2025-10-05T06:34:13.084Z [info]: ::1 - - [05/Oct/2025:06:34:13 +0000] "GET /api/alerts?status=active HTTP/1.1" 304 - "http://localhost:5173/" "Mozilla/5.0 (Windows NT 10.0; Win64; x64) AppleWebKit/537.36 (KHTML, like Gecko) Chrome/131.0.0.0 Safari/537.36"
{
  "metadata": {
    "service": "Aqua Assists-api",
    "hostname": "Sandip_10",
    "environment": "development"
  }
}
2025-10-05T06:34:13.184Z [info]: ::1 - - [05/Oct/2025:06:34:13 +0000] "GET /api/alerts/nearby?status=active&lat=18.5270272&lng=73.8164736&radius=50 HTTP/1.1" 304 - "http://localhost:5173/" "Mozilla/5.0 (Windows NT 10.0; Win64; x64) AppleWebKit/537.36 (KHTML, like Gecko) Chrome/131.0.0.0 Safari/537.36"
{
  "metadata": {
    "service": "Aqua Assists-api",
    "hostname": "Sandip_10",
    "environment": "development"
  }
}
2025-10-05T06:34:15.950Z [info]: ::1 - - [05/Oct/2025:06:34:15 +0000] "GET /api/disaster-prone-areas HTTP/1.1" 304 - "http://localhost:5173/" "Mozilla/5.0 (Windows NT 10.0; Win64; x64) AppleWebKit/537.36 (KHTML, like Gecko) Chrome/131.0.0.0 Safari/537.36"
{
  "metadata": {
    "service": "Aqua Assists-api",
    "hostname": "Sandip_10",
    "environment": "development"
  }
}
2025-10-05T06:34:16.344Z [info]: ::1 - - [05/Oct/2025:06:34:16 +0000] "GET /api/alerts/nearby?status=active&lat=18.5270272&lng=73.8164736&radius=50 HTTP/1.1" 304 - "http://localhost:5173/" "Mozilla/5.0 (Windows NT 10.0; Win64; x64) AppleWebKit/537.36 (KHTML, like Gecko) Chrome/131.0.0.0 Safari/537.36"
{
  "metadata": {
    "service": "Aqua Assists-api",
    "hostname": "Sandip_10",
    "environment": "development"
  }
}
2025-10-05T06:34:18.985Z [info]: ::1 - - [05/Oct/2025:06:34:18 +0000] "GET /api/evacuation-centers HTTP/1.1" 304 - "http://localhost:5173/" "Mozilla/5.0 (Windows NT 10.0; Win64; x64) AppleWebKit/537.36 (KHTML, like Gecko) Chrome/131.0.0.0 Safari/537.36"
{
  "metadata": {
    "service": "Aqua Assists-api",
    "hostname": "Sandip_10",
    "environment": "development"
  }
}
2025-10-05T06:34:22.047Z [warn]: Rate limit exceeded: ::1 (anonymous)
{
  "metadata": {
    "service": "Aqua Assists-api",
    "hostname": "Sandip_10",
    "environment": "development"
  }
}
2025-10-05T06:34:22.052Z [info]: ::1 - - [05/Oct/2025:06:34:22 +0000] "GET /api/weather/forecast?lat=20.5937&lon=78.9629 HTTP/1.1" 429 73 "http://localhost:5173/" "Mozilla/5.0 (Windows NT 10.0; Win64; x64) AppleWebKit/537.36 (KHTML, like Gecko) Chrome/131.0.0.0 Safari/537.36"
{
  "metadata": {
    "service": "Aqua Assists-api",
    "hostname": "Sandip_10",
    "environment": "development"
  }
}
2025-10-05T06:34:42.598Z [info]: ::1 - - [05/Oct/2025:06:34:42 +0000] "GET /api/notifications HTTP/1.1" - - "http://localhost:5173/citizen-dashboard" "Mozilla/5.0 (Windows NT 10.0; Win64; x64) AppleWebKit/537.36 (KHTML, like Gecko) Chrome/131.0.0.0 Safari/537.36"
{
  "metadata": {
    "service": "Aqua Assists-api",
    "hostname": "Sandip_10",
    "environment": "development"
  }
}
2025-10-05T06:34:46.712Z [warn]: Rate limit exceeded: ::1 (anonymous)
{
  "metadata": {
    "service": "Aqua Assists-api",
    "hostname": "Sandip_10",
    "environment": "development"
  }
}
2025-10-05T06:34:46.718Z [info]: ::1 - - [05/Oct/2025:06:34:46 +0000] "GET /api/emergency/contacts HTTP/1.1" 429 73 "http://localhost:5173/" "Mozilla/5.0 (Windows NT 10.0; Win64; x64) AppleWebKit/537.36 (KHTML, like Gecko) Chrome/131.0.0.0 Safari/537.36"
{
  "metadata": {
    "service": "Aqua Assists-api",
    "hostname": "Sandip_10",
    "environment": "development"
  }
}
2025-10-05T06:34:46.739Z [warn]: Rate limit exceeded: ::1 (anonymous)
{
  "metadata": {
    "service": "Aqua Assists-api",
    "hostname": "Sandip_10",
    "environment": "development"
  }
}
2025-10-05T06:34:46.752Z [info]: ::1 - - [05/Oct/2025:06:34:46 +0000] "GET /api/alerts?status=active HTTP/1.1" 429 73 "http://localhost:5173/" "Mozilla/5.0 (Windows NT 10.0; Win64; x64) AppleWebKit/537.36 (KHTML, like Gecko) Chrome/131.0.0.0 Safari/537.36"
{
  "metadata": {
    "service": "Aqua Assists-api",
    "hostname": "Sandip_10",
    "environment": "development"
  }
}
2025-10-05T06:34:46.766Z [warn]: Rate limit exceeded: ::1 (anonymous)
{
  "metadata": {
    "service": "Aqua Assists-api",
    "hostname": "Sandip_10",
    "environment": "development"
  }
}
2025-10-05T06:34:46.772Z [info]: ::1 - - [05/Oct/2025:06:34:46 +0000] "GET /api/alerts/nearby?status=active&lat=18.5270272&lng=73.8164736&radius=50 HTTP/1.1" 429 73 "http://localhost:5173/" "Mozilla/5.0 (Windows NT 10.0; Win64; x64) AppleWebKit/537.36 (KHTML, like Gecko) Chrome/131.0.0.0 Safari/537.36"
{
  "metadata": {
    "service": "Aqua Assists-api",
    "hostname": "Sandip_10",
    "environment": "development"
  }
}
2025-10-05T06:34:46.781Z [warn]: Rate limit exceeded: ::1 (anonymous)
{
  "metadata": {
    "service": "Aqua Assists-api",
    "hostname": "Sandip_10",
    "environment": "development"
  }
}
2025-10-05T06:34:46.785Z [info]: ::1 - - [05/Oct/2025:06:34:46 +0000] "GET /api/alerts/active HTTP/1.1" 429 73 "http://localhost:5173/" "Mozilla/5.0 (Windows NT 10.0; Win64; x64) AppleWebKit/537.36 (KHTML, like Gecko) Chrome/131.0.0.0 Safari/537.36"
{
  "metadata": {
    "service": "Aqua Assists-api",
    "hostname": "Sandip_10",
    "environment": "development"
  }
}
2025-10-05T06:34:46.807Z [warn]: Rate limit exceeded: ::1 (anonymous)
{
  "metadata": {
    "service": "Aqua Assists-api",
    "hostname": "Sandip_10",
    "environment": "development"
  }
}
2025-10-05T06:34:46.811Z [info]: ::1 - - [05/Oct/2025:06:34:46 +0000] "GET /api/weather/forecast?lat=20.5937&lon=78.9629 HTTP/1.1" 429 73 "http://localhost:5173/" "Mozilla/5.0 (Windows NT 10.0; Win64; x64) AppleWebKit/537.36 (KHTML, like Gecko) Chrome/131.0.0.0 Safari/537.36"
{
  "metadata": {
    "service": "Aqua Assists-api",
    "hostname": "Sandip_10",
    "environment": "development"
  }
}
2025-10-05T06:34:49.786Z [warn]: Rate limit exceeded: ::1 (anonymous)
{
  "metadata": {
    "service": "Aqua Assists-api",
    "hostname": "Sandip_10",
    "environment": "development"
  }
}
2025-10-05T06:34:49.793Z [info]: ::1 - - [05/Oct/2025:06:34:49 +0000] "GET /api/alerts?status=active HTTP/1.1" 429 73 "http://localhost:5173/" "Mozilla/5.0 (Windows NT 10.0; Win64; x64) AppleWebKit/537.36 (KHTML, like Gecko) Chrome/131.0.0.0 Safari/537.36"
{
  "metadata": {
    "service": "Aqua Assists-api",
    "hostname": "Sandip_10",
    "environment": "development"
  }
}
2025-10-05T06:34:49.796Z [warn]: Rate limit exceeded: ::1 (anonymous)
{
  "metadata": {
    "service": "Aqua Assists-api",
    "hostname": "Sandip_10",
    "environment": "development"
  }
}
2025-10-05T06:34:49.804Z [info]: ::1 - - [05/Oct/2025:06:34:49 +0000] "GET /api/alerts/nearby?status=active&lat=18.5270272&lng=73.8164736&radius=50 HTTP/1.1" 429 73 "http://localhost:5173/" "Mozilla/5.0 (Windows NT 10.0; Win64; x64) AppleWebKit/537.36 (KHTML, like Gecko) Chrome/131.0.0.0 Safari/537.36"
{
  "metadata": {
    "service": "Aqua Assists-api",
    "hostname": "Sandip_10",
    "environment": "development"
  }
}
2025-10-05T06:36:04.538Z [warn]: MongoDB disconnected
{
  "metadata": {
    "service": "Aqua Assists-api",
    "hostname": "Sandip_10",
    "environment": "development"
  }
}
2025-10-05T06:36:24.812Z [warn]: Rate limit exceeded: ::1 (anonymous)
{
  "metadata": {
    "service": "Aqua Assists-api",
    "hostname": "Sandip_10",
    "environment": "development"
  }
}
2025-10-05T06:36:24.815Z [info]: ::1 - - [05/Oct/2025:06:36:24 +0000] "GET /api/emergency-services/contacts HTTP/1.1" 429 73 "http://localhost:5173/" "Mozilla/5.0 (Windows NT 10.0; Win64; x64) AppleWebKit/537.36 (KHTML, like Gecko) Chrome/131.0.0.0 Safari/537.36"
{
  "metadata": {
    "service": "Aqua Assists-api",
    "hostname": "Sandip_10",
    "environment": "development"
  }
}
2025-10-05T06:36:27.833Z [warn]: Rate limit exceeded: ::1 (anonymous)
{
  "metadata": {
    "service": "Aqua Assists-api",
    "hostname": "Sandip_10",
    "environment": "development"
  }
}
2025-10-05T06:36:27.838Z [info]: ::1 - - [05/Oct/2025:06:36:27 +0000] "GET /api/emergency-services/contacts HTTP/1.1" 429 73 "http://localhost:5173/" "Mozilla/5.0 (Windows NT 10.0; Win64; x64) AppleWebKit/537.36 (KHTML, like Gecko) Chrome/131.0.0.0 Safari/537.36"
{
  "metadata": {
    "service": "Aqua Assists-api",
    "hostname": "Sandip_10",
    "environment": "development"
  }
}
2025-10-05T06:36:30.851Z [warn]: Rate limit exceeded: ::1 (anonymous)
{
  "metadata": {
    "service": "Aqua Assists-api",
    "hostname": "Sandip_10",
    "environment": "development"
  }
}
2025-10-05T06:36:30.854Z [info]: ::1 - - [05/Oct/2025:06:36:30 +0000] "GET /api/emergency-services/contacts HTTP/1.1" 429 73 "http://localhost:5173/" "Mozilla/5.0 (Windows NT 10.0; Win64; x64) AppleWebKit/537.36 (KHTML, like Gecko) Chrome/131.0.0.0 Safari/537.36"
{
  "metadata": {
    "service": "Aqua Assists-api",
    "hostname": "Sandip_10",
    "environment": "development"
  }
}
2025-10-05T06:36:33.561Z [warn]: Rate limit exceeded: ::1 (anonymous)
{
  "metadata": {
    "service": "Aqua Assists-api",
    "hostname": "Sandip_10",
    "environment": "development"
  }
}
2025-10-05T06:36:33.585Z [info]: ::1 - - [05/Oct/2025:06:36:33 +0000] "GET /api/alerts?status=active HTTP/1.1" 429 73 "http://localhost:5173/" "Mozilla/5.0 (Windows NT 10.0; Win64; x64) AppleWebKit/537.36 (KHTML, like Gecko) Chrome/131.0.0.0 Safari/537.36"
{
  "metadata": {
    "service": "Aqua Assists-api",
    "hostname": "Sandip_10",
    "environment": "development"
  }
}
2025-10-05T06:36:33.599Z [warn]: Rate limit exceeded: ::1 (anonymous)
{
  "metadata": {
    "service": "Aqua Assists-api",
    "hostname": "Sandip_10",
    "environment": "development"
  }
}
2025-10-05T06:36:33.606Z [info]: ::1 - - [05/Oct/2025:06:36:33 +0000] "GET /api/alerts/nearby?status=active&lat=18.5270272&lng=73.8164736&radius=50 HTTP/1.1" 429 73 "http://localhost:5173/" "Mozilla/5.0 (Windows NT 10.0; Win64; x64) AppleWebKit/537.36 (KHTML, like Gecko) Chrome/131.0.0.0 Safari/537.36"
{
  "metadata": {
    "service": "Aqua Assists-api",
    "hostname": "Sandip_10",
    "environment": "development"
  }
}
2025-10-05T06:36:34.834Z [info]: MongoDB reconnected
{
  "metadata": {
    "service": "Aqua Assists-api",
    "hostname": "Sandip_10",
    "environment": "development"
  }
}
2025-10-05T06:36:34.835Z [info]: MongoDB reconnected
{
  "metadata": {
    "service": "Aqua Assists-api",
    "hostname": "Sandip_10",
    "environment": "development"
  }
}
2025-10-05T06:36:36.637Z [warn]: Rate limit exceeded: ::1 (anonymous)
{
  "metadata": {
    "service": "Aqua Assists-api",
    "hostname": "Sandip_10",
    "environment": "development"
  }
}
2025-10-05T06:36:36.640Z [info]: ::1 - - [05/Oct/2025:06:36:36 +0000] "GET /api/alerts?status=active HTTP/1.1" 429 73 "http://localhost:5173/" "Mozilla/5.0 (Windows NT 10.0; Win64; x64) AppleWebKit/537.36 (KHTML, like Gecko) Chrome/131.0.0.0 Safari/537.36"
{
  "metadata": {
    "service": "Aqua Assists-api",
    "hostname": "Sandip_10",
    "environment": "development"
  }
}
2025-10-05T06:36:36.644Z [warn]: Rate limit exceeded: ::1 (anonymous)
{
  "metadata": {
    "service": "Aqua Assists-api",
    "hostname": "Sandip_10",
    "environment": "development"
  }
}
2025-10-05T06:36:36.647Z [info]: ::1 - - [05/Oct/2025:06:36:36 +0000] "GET /api/alerts/nearby?status=active&lat=18.5270272&lng=73.8164736&radius=50 HTTP/1.1" 429 73 "http://localhost:5173/" "Mozilla/5.0 (Windows NT 10.0; Win64; x64) AppleWebKit/537.36 (KHTML, like Gecko) Chrome/131.0.0.0 Safari/537.36"
{
  "metadata": {
    "service": "Aqua Assists-api",
    "hostname": "Sandip_10",
    "environment": "development"
  }
}
2025-10-05T06:36:39.914Z [warn]: Rate limit exceeded: ::1 (anonymous)
{
  "metadata": {
    "service": "Aqua Assists-api",
    "hostname": "Sandip_10",
    "environment": "development"
  }
}
2025-10-05T06:36:39.919Z [info]: ::1 - - [05/Oct/2025:06:36:39 +0000] "GET /api/alerts?status=active HTTP/1.1" 429 73 "http://localhost:5173/" "Mozilla/5.0 (Windows NT 10.0; Win64; x64) AppleWebKit/537.36 (KHTML, like Gecko) Chrome/131.0.0.0 Safari/537.36"
{
  "metadata": {
    "service": "Aqua Assists-api",
    "hostname": "Sandip_10",
    "environment": "development"
  }
}
2025-10-05T06:36:39.977Z [warn]: Rate limit exceeded: ::1 (anonymous)
{
  "metadata": {
    "service": "Aqua Assists-api",
    "hostname": "Sandip_10",
    "environment": "development"
  }
}
2025-10-05T06:36:39.979Z [info]: ::1 - - [05/Oct/2025:06:36:39 +0000] "GET /api/alerts/nearby?status=active&lat=18.5270272&lng=73.8164736&radius=50 HTTP/1.1" 429 73 "http://localhost:5173/" "Mozilla/5.0 (Windows NT 10.0; Win64; x64) AppleWebKit/537.36 (KHTML, like Gecko) Chrome/131.0.0.0 Safari/537.36"
{
  "metadata": {
    "service": "Aqua Assists-api",
    "hostname": "Sandip_10",
    "environment": "development"
  }
}
2025-10-05T06:36:42.929Z [warn]: Rate limit exceeded: ::1 (anonymous)
{
  "metadata": {
    "service": "Aqua Assists-api",
    "hostname": "Sandip_10",
    "environment": "development"
  }
}
2025-10-05T06:36:42.934Z [info]: ::1 - - [05/Oct/2025:06:36:42 +0000] "GET /api/alerts?status=active HTTP/1.1" 429 73 "http://localhost:5173/" "Mozilla/5.0 (Windows NT 10.0; Win64; x64) AppleWebKit/537.36 (KHTML, like Gecko) Chrome/131.0.0.0 Safari/537.36"
{
  "metadata": {
    "service": "Aqua Assists-api",
    "hostname": "Sandip_10",
    "environment": "development"
  }
}
2025-10-05T06:36:42.992Z [warn]: Rate limit exceeded: ::1 (anonymous)
{
  "metadata": {
    "service": "Aqua Assists-api",
    "hostname": "Sandip_10",
    "environment": "development"
  }
}
2025-10-05T06:36:42.996Z [info]: ::1 - - [05/Oct/2025:06:36:42 +0000] "GET /api/alerts/nearby?status=active&lat=18.5270272&lng=73.8164736&radius=50 HTTP/1.1" 429 73 "http://localhost:5173/" "Mozilla/5.0 (Windows NT 10.0; Win64; x64) AppleWebKit/537.36 (KHTML, like Gecko) Chrome/131.0.0.0 Safari/537.36"
{
  "metadata": {
    "service": "Aqua Assists-api",
    "hostname": "Sandip_10",
    "environment": "development"
  }
}
2025-10-05T06:42:25.429Z [info]: ::1 - - [05/Oct/2025:06:42:25 +0000] "GET /api/alerts?status=active HTTP/1.1" 200 68 "http://localhost:5173/" "Mozilla/5.0 (Windows NT 10.0; Win64; x64) AppleWebKit/537.36 (KHTML, like Gecko) Chrome/131.0.0.0 Safari/537.36"
{
  "metadata": {
    "service": "Aqua Assists-api",
    "hostname": "Sandip_10",
    "environment": "development"
  }
}
2025-10-05T06:42:25.496Z [info]: ::1 - - [05/Oct/2025:06:42:25 +0000] "GET /api/alerts?status=active HTTP/1.1" 200 67 "http://localhost:5173/" "Mozilla/5.0 (Windows NT 10.0; Win64; x64) AppleWebKit/537.36 (KHTML, like Gecko) Chrome/131.0.0.0 Safari/537.36"
{
  "metadata": {
    "service": "Aqua Assists-api",
    "hostname": "Sandip_10",
    "environment": "development"
  }
}
2025-10-05T08:04:50.632Z [warn]: MongoDB disconnected
{
  "metadata": {
    "service": "Aqua Assists-api",
    "hostname": "Sandip_10",
    "environment": "development"
  }
}
2025-10-05T09:12:36.321Z [error]: Your session has expired. Please log in again [7ee9554d-47fa-41aa-9349-5a8d4f977621]
{
  "metadata": {
    "service": "Aqua Assists-api",
    "hostname": "Sandip_10",
    "environment": "development",
    "correlationId": "7ee9554d-47fa-41aa-9349-5a8d4f977621",
    "url": "/api/alerts?status=active",
    "method": "GET",
    "ip": "::1",
    "userAgent": "Mozilla/5.0 (Windows NT 10.0; Win64; x64) AppleWebKit/537.36 (KHTML, like Gecko) Chrome/131.0.0.0 Safari/537.36",
    "userId": "anonymous",
    "requestQuery": {
      "status": "active"
    },
    "error": {
      "name": "AuthenticationError",
      "message": "Your session has expired. Please log in again",
      "stack": "AuthenticationError: Your session has expired. Please log in again\n    at auth (S:\\flood-disaster-management\\server\\middleware\\auth.js:77:11)\n    at process.processTicksAndRejections (node:internal/process/task_queues:95:5)",
      "errorCode": "ERR_AUTHENTICATION"
    }
  }
}
2025-10-05T09:12:36.326Z [info]: ::1 - - [05/Oct/2025:09:12:36 +0000] "GET /api/alerts?status=active HTTP/1.1" 401 198 "http://localhost:5173/" "Mozilla/5.0 (Windows NT 10.0; Win64; x64) AppleWebKit/537.36 (KHTML, like Gecko) Chrome/131.0.0.0 Safari/537.36"
{
  "metadata": {
    "service": "Aqua Assists-api",
    "hostname": "Sandip_10",
    "environment": "development"
  }
}
2025-10-05T09:12:36.332Z [error]: Your session has expired. Please log in again [5443f9b4-53aa-4c5d-9008-5cdce645360b]
{
  "metadata": {
    "service": "Aqua Assists-api",
    "hostname": "Sandip_10",
    "environment": "development",
    "correlationId": "5443f9b4-53aa-4c5d-9008-5cdce645360b",
    "url": "/api/alerts?status=active",
    "method": "GET",
    "ip": "::1",
    "userAgent": "Mozilla/5.0 (Windows NT 10.0; Win64; x64) AppleWebKit/537.36 (KHTML, like Gecko) Chrome/131.0.0.0 Safari/537.36",
    "userId": "anonymous",
    "requestQuery": {
      "status": "active"
    },
    "error": {
      "name": "AuthenticationError",
      "message": "Your session has expired. Please log in again",
      "stack": "AuthenticationError: Your session has expired. Please log in again\n    at auth (S:\\flood-disaster-management\\server\\middleware\\auth.js:77:11)\n    at process.processTicksAndRejections (node:internal/process/task_queues:95:5)",
      "errorCode": "ERR_AUTHENTICATION"
    }
  }
}
2025-10-05T09:12:36.336Z [info]: ::1 - - [05/Oct/2025:09:12:36 +0000] "GET /api/alerts?status=active HTTP/1.1" 401 198 "http://localhost:5173/" "Mozilla/5.0 (Windows NT 10.0; Win64; x64) AppleWebKit/537.36 (KHTML, like Gecko) Chrome/131.0.0.0 Safari/537.36"
{
  "metadata": {
    "service": "Aqua Assists-api",
    "hostname": "Sandip_10",
    "environment": "development"
  }
}
2025-10-05T09:12:36.343Z [error]: Your session has expired. Please log in again [3062da35-e473-4614-a00b-2617b3a7c36d]
{
  "metadata": {
    "service": "Aqua Assists-api",
    "hostname": "Sandip_10",
    "environment": "development",
    "correlationId": "3062da35-e473-4614-a00b-2617b3a7c36d",
    "url": "/api/alerts?status=active",
    "method": "GET",
    "ip": "::1",
    "userAgent": "Mozilla/5.0 (Windows NT 10.0; Win64; x64) AppleWebKit/537.36 (KHTML, like Gecko) Chrome/131.0.0.0 Safari/537.36",
    "userId": "anonymous",
    "requestQuery": {
      "status": "active"
    },
    "error": {
      "name": "AuthenticationError",
      "message": "Your session has expired. Please log in again",
      "stack": "AuthenticationError: Your session has expired. Please log in again\n    at auth (S:\\flood-disaster-management\\server\\middleware\\auth.js:77:11)\n    at process.processTicksAndRejections (node:internal/process/task_queues:95:5)",
      "errorCode": "ERR_AUTHENTICATION"
    }
  }
}
2025-10-05T09:12:36.346Z [info]: ::1 - - [05/Oct/2025:09:12:36 +0000] "GET /api/alerts?status=active HTTP/1.1" 401 198 "http://localhost:5173/" "Mozilla/5.0 (Windows NT 10.0; Win64; x64) AppleWebKit/537.36 (KHTML, like Gecko) Chrome/131.0.0.0 Safari/537.36"
{
  "metadata": {
    "service": "Aqua Assists-api",
    "hostname": "Sandip_10",
    "environment": "development"
  }
}
2025-10-05T09:12:36.353Z [error]: Your session has expired. Please log in again [4ee18656-e371-438f-babf-e9bf68c65823]
{
  "metadata": {
    "service": "Aqua Assists-api",
    "hostname": "Sandip_10",
    "environment": "development",
    "correlationId": "4ee18656-e371-438f-babf-e9bf68c65823",
    "url": "/api/alerts?status=active",
    "method": "GET",
    "ip": "::1",
    "userAgent": "Mozilla/5.0 (Windows NT 10.0; Win64; x64) AppleWebKit/537.36 (KHTML, like Gecko) Chrome/131.0.0.0 Safari/537.36",
    "userId": "anonymous",
    "requestQuery": {
      "status": "active"
    },
    "error": {
      "name": "AuthenticationError",
      "message": "Your session has expired. Please log in again",
      "stack": "AuthenticationError: Your session has expired. Please log in again\n    at auth (S:\\flood-disaster-management\\server\\middleware\\auth.js:77:11)\n    at process.processTicksAndRejections (node:internal/process/task_queues:95:5)",
      "errorCode": "ERR_AUTHENTICATION"
    }
  }
}
2025-10-05T09:12:36.358Z [info]: ::1 - - [05/Oct/2025:09:12:36 +0000] "GET /api/alerts?status=active HTTP/1.1" 401 198 "http://localhost:5173/" "Mozilla/5.0 (Windows NT 10.0; Win64; x64) AppleWebKit/537.36 (KHTML, like Gecko) Chrome/131.0.0.0 Safari/537.36"
{
  "metadata": {
    "service": "Aqua Assists-api",
    "hostname": "Sandip_10",
    "environment": "development"
  }
}
2025-10-05T09:12:36.364Z [error]: Your session has expired. Please log in again [c0e9d1d7-eade-4b22-ab56-7919cb9ea1e1]
{
  "metadata": {
    "service": "Aqua Assists-api",
    "hostname": "Sandip_10",
    "environment": "development",
    "correlationId": "c0e9d1d7-eade-4b22-ab56-7919cb9ea1e1",
    "url": "/api/alerts?status=active",
    "method": "GET",
    "ip": "::1",
    "userAgent": "Mozilla/5.0 (Windows NT 10.0; Win64; x64) AppleWebKit/537.36 (KHTML, like Gecko) Chrome/131.0.0.0 Safari/537.36",
    "userId": "anonymous",
    "requestQuery": {
      "status": "active"
    },
    "error": {
      "name": "AuthenticationError",
      "message": "Your session has expired. Please log in again",
      "stack": "AuthenticationError: Your session has expired. Please log in again\n    at auth (S:\\flood-disaster-management\\server\\middleware\\auth.js:77:11)\n    at process.processTicksAndRejections (node:internal/process/task_queues:95:5)",
      "errorCode": "ERR_AUTHENTICATION"
    }
  }
}
2025-10-05T09:12:36.367Z [info]: ::1 - - [05/Oct/2025:09:12:36 +0000] "GET /api/alerts?status=active HTTP/1.1" 401 198 "http://localhost:5173/" "Mozilla/5.0 (Windows NT 10.0; Win64; x64) AppleWebKit/537.36 (KHTML, like Gecko) Chrome/131.0.0.0 Safari/537.36"
{
  "metadata": {
    "service": "Aqua Assists-api",
    "hostname": "Sandip_10",
    "environment": "development"
  }
}
2025-10-05T09:12:36.379Z [error]: Your session has expired. Please log in again [6e5fedc8-e949-40ef-99bd-0ff18f41aec0]
{
  "metadata": {
    "service": "Aqua Assists-api",
    "hostname": "Sandip_10",
    "environment": "development",
    "correlationId": "6e5fedc8-e949-40ef-99bd-0ff18f41aec0",
    "url": "/api/alerts?status=active",
    "method": "GET",
    "ip": "::1",
    "userAgent": "Mozilla/5.0 (Windows NT 10.0; Win64; x64) AppleWebKit/537.36 (KHTML, like Gecko) Chrome/131.0.0.0 Safari/537.36",
    "userId": "anonymous",
    "requestQuery": {
      "status": "active"
    },
    "error": {
      "name": "AuthenticationError",
      "message": "Your session has expired. Please log in again",
      "stack": "AuthenticationError: Your session has expired. Please log in again\n    at auth (S:\\flood-disaster-management\\server\\middleware\\auth.js:77:11)\n    at process.processTicksAndRejections (node:internal/process/task_queues:95:5)",
      "errorCode": "ERR_AUTHENTICATION"
    }
  }
}
2025-10-05T09:12:36.385Z [info]: ::1 - - [05/Oct/2025:09:12:36 +0000] "GET /api/alerts?status=active HTTP/1.1" 401 198 "http://localhost:5173/" "Mozilla/5.0 (Windows NT 10.0; Win64; x64) AppleWebKit/537.36 (KHTML, like Gecko) Chrome/131.0.0.0 Safari/537.36"
{
  "metadata": {
    "service": "Aqua Assists-api",
    "hostname": "Sandip_10",
    "environment": "development"
  }
}
2025-10-05T09:12:36.395Z [error]: Your session has expired. Please log in again [1ef9466b-4dea-412e-8310-1bd1d3d83c77]
{
  "metadata": {
    "service": "Aqua Assists-api",
    "hostname": "Sandip_10",
    "environment": "development",
    "correlationId": "1ef9466b-4dea-412e-8310-1bd1d3d83c77",
    "url": "/api/alerts?status=active",
    "method": "GET",
    "ip": "::1",
    "userAgent": "Mozilla/5.0 (Windows NT 10.0; Win64; x64) AppleWebKit/537.36 (KHTML, like Gecko) Chrome/131.0.0.0 Safari/537.36",
    "userId": "anonymous",
    "requestQuery": {
      "status": "active"
    },
    "error": {
      "name": "AuthenticationError",
      "message": "Your session has expired. Please log in again",
      "stack": "AuthenticationError: Your session has expired. Please log in again\n    at auth (S:\\flood-disaster-management\\server\\middleware\\auth.js:77:11)\n    at process.processTicksAndRejections (node:internal/process/task_queues:95:5)",
      "errorCode": "ERR_AUTHENTICATION"
    }
  }
}
2025-10-05T09:12:36.427Z [info]: ::1 - - [05/Oct/2025:09:12:36 +0000] "GET /api/alerts?status=active HTTP/1.1" 401 198 "http://localhost:5173/" "Mozilla/5.0 (Windows NT 10.0; Win64; x64) AppleWebKit/537.36 (KHTML, like Gecko) Chrome/131.0.0.0 Safari/537.36"
{
  "metadata": {
    "service": "Aqua Assists-api",
    "hostname": "Sandip_10",
    "environment": "development"
  }
}
2025-10-05T09:12:36.435Z [error]: Your session has expired. Please log in again [e8b6ed2e-4481-47f8-8dac-e1d48995d50b]
{
  "metadata": {
    "service": "Aqua Assists-api",
    "hostname": "Sandip_10",
    "environment": "development",
    "correlationId": "e8b6ed2e-4481-47f8-8dac-e1d48995d50b",
    "url": "/api/alerts?status=active",
    "method": "GET",
    "ip": "::1",
    "userAgent": "Mozilla/5.0 (Windows NT 10.0; Win64; x64) AppleWebKit/537.36 (KHTML, like Gecko) Chrome/131.0.0.0 Safari/537.36",
    "userId": "anonymous",
    "requestQuery": {
      "status": "active"
    },
    "error": {
      "name": "AuthenticationError",
      "message": "Your session has expired. Please log in again",
      "stack": "AuthenticationError: Your session has expired. Please log in again\n    at auth (S:\\flood-disaster-management\\server\\middleware\\auth.js:77:11)\n    at process.processTicksAndRejections (node:internal/process/task_queues:95:5)",
      "errorCode": "ERR_AUTHENTICATION"
    }
  }
}
2025-10-05T09:12:36.439Z [info]: ::1 - - [05/Oct/2025:09:12:36 +0000] "GET /api/alerts?status=active HTTP/1.1" 401 198 "http://localhost:5173/" "Mozilla/5.0 (Windows NT 10.0; Win64; x64) AppleWebKit/537.36 (KHTML, like Gecko) Chrome/131.0.0.0 Safari/537.36"
{
  "metadata": {
    "service": "Aqua Assists-api",
    "hostname": "Sandip_10",
    "environment": "development"
  }
}
2025-10-05T09:12:36.449Z [error]: Your session has expired. Please log in again [dc1adfb9-12e7-427d-9e2d-68dad7d94f84]
{
  "metadata": {
    "service": "Aqua Assists-api",
    "hostname": "Sandip_10",
    "environment": "development",
    "correlationId": "dc1adfb9-12e7-427d-9e2d-68dad7d94f84",
    "url": "/api/alerts?status=active",
    "method": "GET",
    "ip": "::1",
    "userAgent": "Mozilla/5.0 (Windows NT 10.0; Win64; x64) AppleWebKit/537.36 (KHTML, like Gecko) Chrome/131.0.0.0 Safari/537.36",
    "userId": "anonymous",
    "requestQuery": {
      "status": "active"
    },
    "error": {
      "name": "AuthenticationError",
      "message": "Your session has expired. Please log in again",
      "stack": "AuthenticationError: Your session has expired. Please log in again\n    at auth (S:\\flood-disaster-management\\server\\middleware\\auth.js:77:11)\n    at process.processTicksAndRejections (node:internal/process/task_queues:95:5)",
      "errorCode": "ERR_AUTHENTICATION"
    }
  }
}
2025-10-05T09:12:36.452Z [info]: ::1 - - [05/Oct/2025:09:12:36 +0000] "GET /api/alerts?status=active HTTP/1.1" 401 198 "http://localhost:5173/" "Mozilla/5.0 (Windows NT 10.0; Win64; x64) AppleWebKit/537.36 (KHTML, like Gecko) Chrome/131.0.0.0 Safari/537.36"
{
  "metadata": {
    "service": "Aqua Assists-api",
    "hostname": "Sandip_10",
    "environment": "development"
  }
}
2025-10-05T09:12:36.460Z [error]: Your session has expired. Please log in again [9cef2116-7539-428b-ba31-35cd6702ff79]
{
  "metadata": {
    "service": "Aqua Assists-api",
    "hostname": "Sandip_10",
    "environment": "development",
    "correlationId": "9cef2116-7539-428b-ba31-35cd6702ff79",
    "url": "/api/alerts?status=active",
    "method": "GET",
    "ip": "::1",
    "userAgent": "Mozilla/5.0 (Windows NT 10.0; Win64; x64) AppleWebKit/537.36 (KHTML, like Gecko) Chrome/131.0.0.0 Safari/537.36",
    "userId": "anonymous",
    "requestQuery": {
      "status": "active"
    },
    "error": {
      "name": "AuthenticationError",
      "message": "Your session has expired. Please log in again",
      "stack": "AuthenticationError: Your session has expired. Please log in again\n    at auth (S:\\flood-disaster-management\\server\\middleware\\auth.js:77:11)\n    at process.processTicksAndRejections (node:internal/process/task_queues:95:5)",
      "errorCode": "ERR_AUTHENTICATION"
    }
  }
}
2025-10-05T09:12:36.464Z [info]: ::1 - - [05/Oct/2025:09:12:36 +0000] "GET /api/alerts?status=active HTTP/1.1" 401 198 "http://localhost:5173/" "Mozilla/5.0 (Windows NT 10.0; Win64; x64) AppleWebKit/537.36 (KHTML, like Gecko) Chrome/131.0.0.0 Safari/537.36"
{
  "metadata": {
    "service": "Aqua Assists-api",
    "hostname": "Sandip_10",
    "environment": "development"
  }
}
2025-10-05T09:12:36.472Z [error]: Your session has expired. Please log in again [d04c6825-c815-4083-b895-af20f5d24153]
{
  "metadata": {
    "service": "Aqua Assists-api",
    "hostname": "Sandip_10",
    "environment": "development",
    "correlationId": "d04c6825-c815-4083-b895-af20f5d24153",
    "url": "/api/alerts?status=active",
    "method": "GET",
    "ip": "::1",
    "userAgent": "Mozilla/5.0 (Windows NT 10.0; Win64; x64) AppleWebKit/537.36 (KHTML, like Gecko) Chrome/131.0.0.0 Safari/537.36",
    "userId": "anonymous",
    "requestQuery": {
      "status": "active"
    },
    "error": {
      "name": "AuthenticationError",
      "message": "Your session has expired. Please log in again",
      "stack": "AuthenticationError: Your session has expired. Please log in again\n    at auth (S:\\flood-disaster-management\\server\\middleware\\auth.js:77:11)\n    at process.processTicksAndRejections (node:internal/process/task_queues:95:5)",
      "errorCode": "ERR_AUTHENTICATION"
    }
  }
}
2025-10-05T09:12:36.476Z [info]: ::1 - - [05/Oct/2025:09:12:36 +0000] "GET /api/alerts?status=active HTTP/1.1" 401 198 "http://localhost:5173/" "Mozilla/5.0 (Windows NT 10.0; Win64; x64) AppleWebKit/537.36 (KHTML, like Gecko) Chrome/131.0.0.0 Safari/537.36"
{
  "metadata": {
    "service": "Aqua Assists-api",
    "hostname": "Sandip_10",
    "environment": "development"
  }
}
2025-10-05T09:12:36.483Z [error]: Your session has expired. Please log in again [232f733e-1e93-4e14-81a5-2a4b8b1e5540]
{
  "metadata": {
    "service": "Aqua Assists-api",
    "hostname": "Sandip_10",
    "environment": "development",
    "correlationId": "232f733e-1e93-4e14-81a5-2a4b8b1e5540",
    "url": "/api/alerts?status=active",
    "method": "GET",
    "ip": "::1",
    "userAgent": "Mozilla/5.0 (Windows NT 10.0; Win64; x64) AppleWebKit/537.36 (KHTML, like Gecko) Chrome/131.0.0.0 Safari/537.36",
    "userId": "anonymous",
    "requestQuery": {
      "status": "active"
    },
    "error": {
      "name": "AuthenticationError",
      "message": "Your session has expired. Please log in again",
      "stack": "AuthenticationError: Your session has expired. Please log in again\n    at auth (S:\\flood-disaster-management\\server\\middleware\\auth.js:77:11)\n    at process.processTicksAndRejections (node:internal/process/task_queues:95:5)",
      "errorCode": "ERR_AUTHENTICATION"
    }
  }
}
2025-10-05T09:12:36.486Z [info]: ::1 - - [05/Oct/2025:09:12:36 +0000] "GET /api/alerts?status=active HTTP/1.1" 401 198 "http://localhost:5173/" "Mozilla/5.0 (Windows NT 10.0; Win64; x64) AppleWebKit/537.36 (KHTML, like Gecko) Chrome/131.0.0.0 Safari/537.36"
{
  "metadata": {
    "service": "Aqua Assists-api",
    "hostname": "Sandip_10",
    "environment": "development"
  }
}
2025-10-05T09:12:36.492Z [error]: Your session has expired. Please log in again [2f647a39-3296-477f-aac5-2d300f5e8d25]
{
  "metadata": {
    "service": "Aqua Assists-api",
    "hostname": "Sandip_10",
    "environment": "development",
    "correlationId": "2f647a39-3296-477f-aac5-2d300f5e8d25",
    "url": "/api/alerts?status=active",
    "method": "GET",
    "ip": "::1",
    "userAgent": "Mozilla/5.0 (Windows NT 10.0; Win64; x64) AppleWebKit/537.36 (KHTML, like Gecko) Chrome/131.0.0.0 Safari/537.36",
    "userId": "anonymous",
    "requestQuery": {
      "status": "active"
    },
    "error": {
      "name": "AuthenticationError",
      "message": "Your session has expired. Please log in again",
      "stack": "AuthenticationError: Your session has expired. Please log in again\n    at auth (S:\\flood-disaster-management\\server\\middleware\\auth.js:77:11)\n    at process.processTicksAndRejections (node:internal/process/task_queues:95:5)",
      "errorCode": "ERR_AUTHENTICATION"
    }
  }
}
2025-10-05T09:12:36.495Z [info]: ::1 - - [05/Oct/2025:09:12:36 +0000] "GET /api/alerts?status=active HTTP/1.1" 401 198 "http://localhost:5173/" "Mozilla/5.0 (Windows NT 10.0; Win64; x64) AppleWebKit/537.36 (KHTML, like Gecko) Chrome/131.0.0.0 Safari/537.36"
{
  "metadata": {
    "service": "Aqua Assists-api",
    "hostname": "Sandip_10",
    "environment": "development"
  }
}
2025-10-05T09:12:36.502Z [error]: Your session has expired. Please log in again [f770eeba-8976-418d-8325-3e3a4d037036]
{
  "metadata": {
    "service": "Aqua Assists-api",
    "hostname": "Sandip_10",
    "environment": "development",
    "correlationId": "f770eeba-8976-418d-8325-3e3a4d037036",
    "url": "/api/alerts?status=active",
    "method": "GET",
    "ip": "::1",
    "userAgent": "Mozilla/5.0 (Windows NT 10.0; Win64; x64) AppleWebKit/537.36 (KHTML, like Gecko) Chrome/131.0.0.0 Safari/537.36",
    "userId": "anonymous",
    "requestQuery": {
      "status": "active"
    },
    "error": {
      "name": "AuthenticationError",
      "message": "Your session has expired. Please log in again",
      "stack": "AuthenticationError: Your session has expired. Please log in again\n    at auth (S:\\flood-disaster-management\\server\\middleware\\auth.js:77:11)\n    at process.processTicksAndRejections (node:internal/process/task_queues:95:5)",
      "errorCode": "ERR_AUTHENTICATION"
    }
  }
}
2025-10-05T09:12:36.529Z [info]: ::1 - - [05/Oct/2025:09:12:36 +0000] "GET /api/alerts?status=active HTTP/1.1" 401 198 "http://localhost:5173/" "Mozilla/5.0 (Windows NT 10.0; Win64; x64) AppleWebKit/537.36 (KHTML, like Gecko) Chrome/131.0.0.0 Safari/537.36"
{
  "metadata": {
    "service": "Aqua Assists-api",
    "hostname": "Sandip_10",
    "environment": "development"
  }
}
2025-10-05T09:12:37.668Z [info]: MongoDB reconnected
{
  "metadata": {
    "service": "Aqua Assists-api",
    "hostname": "Sandip_10",
    "environment": "development"
  }
}
2025-10-05T09:12:37.670Z [info]: MongoDB reconnected
{
  "metadata": {
    "service": "Aqua Assists-api",
    "hostname": "Sandip_10",
    "environment": "development"
  }
}
2025-10-05T09:12:47.369Z [info]: ::1 - - [05/Oct/2025:09:12:47 +0000] "POST /api/auth/refresh-token HTTP/1.1" 200 455 "http://localhost:5173/" "Mozilla/5.0 (Windows NT 10.0; Win64; x64) AppleWebKit/537.36 (KHTML, like Gecko) Chrome/131.0.0.0 Safari/537.36"
{
  "metadata": {
    "service": "Aqua Assists-api",
    "hostname": "Sandip_10",
    "environment": "development"
  }
}
2025-10-05T09:12:47.430Z [error]: Your session has expired. Please log in again [b12e5c7e-29ef-4ff0-9244-7499a33b99d6]
{
  "metadata": {
    "service": "Aqua Assists-api",
    "hostname": "Sandip_10",
    "environment": "development",
    "correlationId": "b12e5c7e-29ef-4ff0-9244-7499a33b99d6",
    "url": "/api/auth/profile",
    "method": "GET",
    "ip": "::1",
    "userAgent": "Mozilla/5.0 (Windows NT 10.0; Win64; x64) AppleWebKit/537.36 (KHTML, like Gecko) Chrome/131.0.0.0 Safari/537.36",
    "userId": "anonymous",
    "error": {
      "name": "AuthenticationError",
      "message": "Your session has expired. Please log in again",
      "stack": "AuthenticationError: Your session has expired. Please log in again\n    at auth (S:\\flood-disaster-management\\server\\middleware\\auth.js:77:11)\n    at process.processTicksAndRejections (node:internal/process/task_queues:95:5)",
      "errorCode": "ERR_AUTHENTICATION"
    }
  }
}
2025-10-05T09:12:47.439Z [info]: ::1 - - [05/Oct/2025:09:12:47 +0000] "GET /api/auth/profile HTTP/1.1" 401 198 "http://localhost:5173/" "Mozilla/5.0 (Windows NT 10.0; Win64; x64) AppleWebKit/537.36 (KHTML, like Gecko) Chrome/131.0.0.0 Safari/537.36"
{
  "metadata": {
    "service": "Aqua Assists-api",
    "hostname": "Sandip_10",
    "environment": "development"
  }
}
2025-10-05T09:12:48.489Z [info]: ::1 - - [05/Oct/2025:09:12:48 +0000] "GET /api/emergency/contacts HTTP/1.1" 200 230 "http://localhost:5173/" "Mozilla/5.0 (Windows NT 10.0; Win64; x64) AppleWebKit/537.36 (KHTML, like Gecko) Chrome/131.0.0.0 Safari/537.36"
{
  "metadata": {
    "service": "Aqua Assists-api",
    "hostname": "Sandip_10",
    "environment": "development"
  }
}
2025-10-05T09:12:48.664Z [info]: ::1 - - [05/Oct/2025:09:12:48 +0000] "GET /api/alerts/active HTTP/1.1" 200 68 "http://localhost:5173/" "Mozilla/5.0 (Windows NT 10.0; Win64; x64) AppleWebKit/537.36 (KHTML, like Gecko) Chrome/131.0.0.0 Safari/537.36"
{
  "metadata": {
    "service": "Aqua Assists-api",
    "hostname": "Sandip_10",
    "environment": "development"
  }
}
2025-10-05T09:12:48.906Z [info]: ::1 - - [05/Oct/2025:09:12:48 +0000] "GET /api/weather/forecast?lat=20.5937&lon=78.9629 HTTP/1.1" 200 694 "http://localhost:5173/" "Mozilla/5.0 (Windows NT 10.0; Win64; x64) AppleWebKit/537.36 (KHTML, like Gecko) Chrome/131.0.0.0 Safari/537.36"
{
  "metadata": {
    "service": "Aqua Assists-api",
    "hostname": "Sandip_10",
    "environment": "development"
  }
}
2025-10-05T09:13:00.119Z [info]: ::1 - - [05/Oct/2025:09:13:00 +0000] "POST /api/auth/login HTTP/1.1" 200 972 "http://localhost:5173/" "Mozilla/5.0 (Windows NT 10.0; Win64; x64) AppleWebKit/537.36 (KHTML, like Gecko) Chrome/131.0.0.0 Safari/537.36"
{
  "metadata": {
    "service": "Aqua Assists-api",
    "hostname": "Sandip_10",
    "environment": "development"
  }
}
2025-10-05T09:13:00.723Z [info]: ::1 - - [05/Oct/2025:09:13:00 +0000] "GET /api/alerts?status=active HTTP/1.1" 200 69 "http://localhost:5173/" "Mozilla/5.0 (Windows NT 10.0; Win64; x64) AppleWebKit/537.36 (KHTML, like Gecko) Chrome/131.0.0.0 Safari/537.36"
{
  "metadata": {
    "service": "Aqua Assists-api",
    "hostname": "Sandip_10",
    "environment": "development"
  }
}
2025-10-05T09:13:00.789Z [info]: ::1 - - [05/Oct/2025:09:13:00 +0000] "GET /api/alerts?status=active HTTP/1.1" 200 68 "http://localhost:5173/" "Mozilla/5.0 (Windows NT 10.0; Win64; x64) AppleWebKit/537.36 (KHTML, like Gecko) Chrome/131.0.0.0 Safari/537.36"
{
  "metadata": {
    "service": "Aqua Assists-api",
    "hostname": "Sandip_10",
    "environment": "development"
  }
}
2025-10-05T09:13:01.046Z [info]: ::1 - - [05/Oct/2025:09:13:01 +0000] "GET /api/alerts/nearby?status=active&lat=18.5532416&lng=73.8197504&radius=50 HTTP/1.1" 200 97 "http://localhost:5173/" "Mozilla/5.0 (Windows NT 10.0; Win64; x64) AppleWebKit/537.36 (KHTML, like Gecko) Chrome/131.0.0.0 Safari/537.36"
{
  "metadata": {
    "service": "Aqua Assists-api",
    "hostname": "Sandip_10",
    "environment": "development"
  }
}
2025-10-05T09:13:01.157Z [info]: ::1 - - [05/Oct/2025:09:13:01 +0000] "GET /api/alerts/nearby?status=active&lat=18.5532416&lng=73.8197504&radius=50 HTTP/1.1" 304 - "http://localhost:5173/" "Mozilla/5.0 (Windows NT 10.0; Win64; x64) AppleWebKit/537.36 (KHTML, like Gecko) Chrome/131.0.0.0 Safari/537.36"
{
  "metadata": {
    "service": "Aqua Assists-api",
    "hostname": "Sandip_10",
    "environment": "development"
  }
}
2025-10-05T09:13:04.838Z [info]: ::1 - - [05/Oct/2025:09:13:04 +0000] "GET /api/alerts?status=active HTTP/1.1" 304 - "http://localhost:5173/" "Mozilla/5.0 (Windows NT 10.0; Win64; x64) AppleWebKit/537.36 (KHTML, like Gecko) Chrome/131.0.0.0 Safari/537.36"
{
  "metadata": {
    "service": "Aqua Assists-api",
    "hostname": "Sandip_10",
    "environment": "development"
  }
}
2025-10-05T09:13:04.966Z [info]: ::1 - - [05/Oct/2025:09:13:04 +0000] "GET /api/alerts/nearby?status=active&lat=18.5532416&lng=73.8197504&radius=50 HTTP/1.1" 304 - "http://localhost:5173/" "Mozilla/5.0 (Windows NT 10.0; Win64; x64) AppleWebKit/537.36 (KHTML, like Gecko) Chrome/131.0.0.0 Safari/537.36"
{
  "metadata": {
    "service": "Aqua Assists-api",
    "hostname": "Sandip_10",
    "environment": "development"
  }
}
2025-10-05T09:13:05.015Z [info]: ::1 - - [05/Oct/2025:09:13:05 +0000] "GET /api/alerts?status=active HTTP/1.1" 304 - "http://localhost:5173/" "Mozilla/5.0 (Windows NT 10.0; Win64; x64) AppleWebKit/537.36 (KHTML, like Gecko) Chrome/131.0.0.0 Safari/537.36"
{
  "metadata": {
    "service": "Aqua Assists-api",
    "hostname": "Sandip_10",
    "environment": "development"
  }
}
2025-10-05T09:13:05.086Z [info]: ::1 - - [05/Oct/2025:09:13:05 +0000] "GET /api/alerts/nearby?status=active&lat=18.5532416&lng=73.8197504&radius=50 HTTP/1.1" 304 - "http://localhost:5173/" "Mozilla/5.0 (Windows NT 10.0; Win64; x64) AppleWebKit/537.36 (KHTML, like Gecko) Chrome/131.0.0.0 Safari/537.36"
{
  "metadata": {
    "service": "Aqua Assists-api",
    "hostname": "Sandip_10",
    "environment": "development"
  }
}
2025-10-05T09:14:08.528Z [warn]: MongoDB disconnected
{
  "metadata": {
    "service": "Aqua Assists-api",
    "hostname": "Sandip_10",
    "environment": "development"
  }
}
2025-10-05T09:15:21.054Z [info]: MongoDB reconnected
{
  "metadata": {
    "service": "Aqua Assists-api",
    "hostname": "Sandip_10",
    "environment": "development"
  }
}
2025-10-05T09:15:21.055Z [info]: MongoDB reconnected
{
  "metadata": {
    "service": "Aqua Assists-api",
    "hostname": "Sandip_10",
    "environment": "development"
  }
}
2025-10-05T09:15:41.596Z [warn]: MongoDB disconnected
{
  "metadata": {
    "service": "Aqua Assists-api",
    "hostname": "Sandip_10",
    "environment": "development"
  }
}
2025-10-05T09:16:11.883Z [info]: MongoDB reconnected
{
  "metadata": {
    "service": "Aqua Assists-api",
    "hostname": "Sandip_10",
    "environment": "development"
  }
}
2025-10-05T09:16:11.884Z [info]: MongoDB reconnected
{
  "metadata": {
    "service": "Aqua Assists-api",
    "hostname": "Sandip_10",
    "environment": "development"
  }
}
2025-10-05T09:17:02.598Z [warn]: MongoDB disconnected
{
  "metadata": {
    "service": "Aqua Assists-api",
    "hostname": "Sandip_10",
    "environment": "development"
  }
}
2025-10-05T09:17:30.977Z [error]: Authentication failed [8b9d6219-65b1-43ea-9fc3-75d573ee63bf]
{
  "metadata": {
    "service": "Aqua Assists-api",
    "hostname": "Sandip_10",
    "environment": "development",
    "correlationId": "8b9d6219-65b1-43ea-9fc3-75d573ee63bf",
    "url": "/api/auth/profile",
    "method": "GET",
    "ip": "::1",
    "userAgent": "Mozilla/5.0 (Windows NT 10.0; Win64; x64) AppleWebKit/537.36 (KHTML, like Gecko) Chrome/131.0.0.0 Safari/537.36",
    "userId": "anonymous",
    "error": {
      "name": "AuthenticationError",
      "message": "Authentication failed",
      "stack": "AuthenticationError: Authentication failed\n    at auth (S:\\flood-disaster-management\\server\\middleware\\auth.js:134:7)\n    at process.processTicksAndRejections (node:internal/process/task_queues:95:5)",
      "errorCode": "ERR_AUTHENTICATION"
    }
  }
}
2025-10-05T09:17:30.980Z [info]: ::1 - - [05/Oct/2025:09:17:30 +0000] "GET /api/auth/profile HTTP/1.1" 401 174 "http://localhost:5173/" "Mozilla/5.0 (Windows NT 10.0; Win64; x64) AppleWebKit/537.36 (KHTML, like Gecko) Chrome/131.0.0.0 Safari/537.36"
{
  "metadata": {
    "service": "Aqua Assists-api",
    "hostname": "Sandip_10",
    "environment": "development"
  }
}
2025-10-05T09:17:31.111Z [info]: ::1 - - [05/Oct/2025:09:17:31 +0000] "GET /api/emergency/contacts HTTP/1.1" 304 - "http://localhost:5173/" "Mozilla/5.0 (Windows NT 10.0; Win64; x64) AppleWebKit/537.36 (KHTML, like Gecko) Chrome/131.0.0.0 Safari/537.36"
{
  "metadata": {
    "service": "Aqua Assists-api",
    "hostname": "Sandip_10",
    "environment": "development"
  }
}
2025-10-05T09:17:31.343Z [info]: ::1 - - [05/Oct/2025:09:17:31 +0000] "GET /api/alerts/active HTTP/1.1" - - "http://localhost:5173/" "Mozilla/5.0 (Windows NT 10.0; Win64; x64) AppleWebKit/537.36 (KHTML, like Gecko) Chrome/131.0.0.0 Safari/537.36"
{
  "metadata": {
    "service": "Aqua Assists-api",
    "hostname": "Sandip_10",
    "environment": "development"
  }
}
2025-10-05T09:17:31.841Z [info]: ::1 - - [05/Oct/2025:09:17:31 +0000] "GET /api/emergency/contacts HTTP/1.1" 304 - "http://localhost:5173/" "Mozilla/5.0 (Windows NT 10.0; Win64; x64) AppleWebKit/537.36 (KHTML, like Gecko) Chrome/131.0.0.0 Safari/537.36"
{
  "metadata": {
    "service": "Aqua Assists-api",
    "hostname": "Sandip_10",
    "environment": "development"
  }
}
2025-10-05T09:17:31.888Z [info]: ::1 - - [05/Oct/2025:09:17:31 +0000] "GET /api/weather/forecast?lat=20.5937&lon=78.9629 HTTP/1.1" 200 694 "http://localhost:5173/" "Mozilla/5.0 (Windows NT 10.0; Win64; x64) AppleWebKit/537.36 (KHTML, like Gecko) Chrome/131.0.0.0 Safari/537.36"
{
  "metadata": {
    "service": "Aqua Assists-api",
    "hostname": "Sandip_10",
    "environment": "development"
  }
}
2025-10-05T09:17:41.872Z [info]: ::1 - - [05/Oct/2025:09:17:41 +0000] "GET /api/alerts/active HTTP/1.1" 500 96 "http://localhost:5173/" "Mozilla/5.0 (Windows NT 10.0; Win64; x64) AppleWebKit/537.36 (KHTML, like Gecko) Chrome/131.0.0.0 Safari/537.36"
{
  "metadata": {
    "service": "Aqua Assists-api",
    "hostname": "Sandip_10",
    "environment": "development"
  }
}
2025-10-05T09:17:47.585Z [info]: ::1 - - [05/Oct/2025:09:17:47 +0000] "POST /api/auth/login HTTP/1.1" 500 76 "http://localhost:5173/" "Mozilla/5.0 (Windows NT 10.0; Win64; x64) AppleWebKit/537.36 (KHTML, like Gecko) Chrome/131.0.0.0 Safari/537.36"
{
  "metadata": {
    "service": "Aqua Assists-api",
    "hostname": "Sandip_10",
    "environment": "development"
  }
}
2025-10-05T09:17:59.109Z [info]: ::1 - - [05/Oct/2025:09:17:59 +0000] "POST /api/auth/login HTTP/1.1" 500 76 "http://localhost:5173/" "Mozilla/5.0 (Windows NT 10.0; Win64; x64) AppleWebKit/537.36 (KHTML, like Gecko) Chrome/131.0.0.0 Safari/537.36"
{
  "metadata": {
    "service": "Aqua Assists-api",
    "hostname": "Sandip_10",
    "environment": "development"
  }
}
2025-10-05T09:18:11.577Z [info]: MongoDB reconnected
{
  "metadata": {
    "service": "Aqua Assists-api",
    "hostname": "Sandip_10",
    "environment": "development"
  }
}
2025-10-05T09:18:11.579Z [info]: MongoDB reconnected
{
  "metadata": {
    "service": "Aqua Assists-api",
    "hostname": "Sandip_10",
    "environment": "development"
  }
}
2025-10-05T09:18:13.964Z [info]: ::1 - - [05/Oct/2025:09:18:13 +0000] "POST /api/auth/login HTTP/1.1" 200 972 "http://localhost:5173/" "Mozilla/5.0 (Windows NT 10.0; Win64; x64) AppleWebKit/537.36 (KHTML, like Gecko) Chrome/131.0.0.0 Safari/537.36"
{
  "metadata": {
    "service": "Aqua Assists-api",
    "hostname": "Sandip_10",
    "environment": "development"
  }
}
2025-10-05T09:18:14.604Z [info]: ::1 - - [05/Oct/2025:09:18:14 +0000] "GET /api/alerts?status=active HTTP/1.1" 200 68 "http://localhost:5173/" "Mozilla/5.0 (Windows NT 10.0; Win64; x64) AppleWebKit/537.36 (KHTML, like Gecko) Chrome/131.0.0.0 Safari/537.36"
{
  "metadata": {
    "service": "Aqua Assists-api",
    "hostname": "Sandip_10",
    "environment": "development"
  }
}
2025-10-05T09:18:14.667Z [info]: ::1 - - [05/Oct/2025:09:18:14 +0000] "GET /api/alerts?status=active HTTP/1.1" 200 67 "http://localhost:5173/" "Mozilla/5.0 (Windows NT 10.0; Win64; x64) AppleWebKit/537.36 (KHTML, like Gecko) Chrome/131.0.0.0 Safari/537.36"
{
  "metadata": {
    "service": "Aqua Assists-api",
    "hostname": "Sandip_10",
    "environment": "development"
  }
}
2025-10-05T09:18:14.889Z [info]: ::1 - - [05/Oct/2025:09:18:14 +0000] "GET /api/alerts/nearby?status=active&lat=18.5532416&lng=73.8197504&radius=50 HTTP/1.1" 304 - "http://localhost:5173/" "Mozilla/5.0 (Windows NT 10.0; Win64; x64) AppleWebKit/537.36 (KHTML, like Gecko) Chrome/131.0.0.0 Safari/537.36"
{
  "metadata": {
    "service": "Aqua Assists-api",
    "hostname": "Sandip_10",
    "environment": "development"
  }
}
2025-10-05T09:18:15.001Z [info]: ::1 - - [05/Oct/2025:09:18:15 +0000] "GET /api/alerts/nearby?status=active&lat=18.5532416&lng=73.8197504&radius=50 HTTP/1.1" 304 - "http://localhost:5173/" "Mozilla/5.0 (Windows NT 10.0; Win64; x64) AppleWebKit/537.36 (KHTML, like Gecko) Chrome/131.0.0.0 Safari/537.36"
{
  "metadata": {
    "service": "Aqua Assists-api",
    "hostname": "Sandip_10",
    "environment": "development"
  }
}
2025-10-05T09:19:01.695Z [info]: ::1 - - [05/Oct/2025:09:19:01 +0000] "GET /api/flood-reports?sortBy=newest&limit=20 HTTP/1.1" 304 - "http://localhost:5173/" "Mozilla/5.0 (Windows NT 10.0; Win64; x64) AppleWebKit/537.36 (KHTML, like Gecko) Chrome/131.0.0.0 Safari/537.36"
{
  "metadata": {
    "service": "Aqua Assists-api",
    "hostname": "Sandip_10",
    "environment": "development"
  }
}
2025-10-05T09:19:32.525Z [warn]: MongoDB disconnected
{
  "metadata": {
    "service": "Aqua Assists-api",
    "hostname": "Sandip_10",
    "environment": "development"
  }
}
2025-10-05T09:20:13.274Z [info]: MongoDB reconnected
{
  "metadata": {
    "service": "Aqua Assists-api",
    "hostname": "Sandip_10",
    "environment": "development"
  }
}
2025-10-05T09:20:13.277Z [info]: MongoDB reconnected
{
  "metadata": {
    "service": "Aqua Assists-api",
    "hostname": "Sandip_10",
    "environment": "development"
  }
}
2025-10-05T09:20:28.034Z [warn]: MongoDB disconnected
{
  "metadata": {
    "service": "Aqua Assists-api",
    "hostname": "Sandip_10",
    "environment": "development"
  }
}
2025-10-05T09:20:38.408Z [info]: MongoDB reconnected
{
  "metadata": {
    "service": "Aqua Assists-api",
    "hostname": "Sandip_10",
    "environment": "development"
  }
}
2025-10-05T09:20:38.409Z [info]: MongoDB reconnected
{
  "metadata": {
    "service": "Aqua Assists-api",
    "hostname": "Sandip_10",
    "environment": "development"
  }
}
2025-10-05T09:20:48.253Z [info]: ::1 - - [05/Oct/2025:09:20:48 +0000] "GET /api/auth/profile HTTP/1.1" 200 571 "http://localhost:5173/" "Mozilla/5.0 (Windows NT 10.0; Win64; x64) AppleWebKit/537.36 (KHTML, like Gecko) Chrome/131.0.0.0 Safari/537.36"
{
  "metadata": {
    "service": "Aqua Assists-api",
    "hostname": "Sandip_10",
    "environment": "development"
  }
}
2025-10-05T09:20:48.401Z [info]: ::1 - - [05/Oct/2025:09:20:48 +0000] "GET /api/emergency/contacts HTTP/1.1" 304 - "http://localhost:5173/" "Mozilla/5.0 (Windows NT 10.0; Win64; x64) AppleWebKit/537.36 (KHTML, like Gecko) Chrome/131.0.0.0 Safari/537.36"
{
  "metadata": {
    "service": "Aqua Assists-api",
    "hostname": "Sandip_10",
    "environment": "development"
  }
}
2025-10-05T09:20:48.651Z [info]: ::1 - - [05/Oct/2025:09:20:48 +0000] "GET /api/flood-reports?sortBy=newest&limit=20 HTTP/1.1" 304 - "http://localhost:5173/" "Mozilla/5.0 (Windows NT 10.0; Win64; x64) AppleWebKit/537.36 (KHTML, like Gecko) Chrome/131.0.0.0 Safari/537.36"
{
  "metadata": {
    "service": "Aqua Assists-api",
    "hostname": "Sandip_10",
    "environment": "development"
  }
}
2025-10-05T09:20:48.866Z [info]: ::1 - - [05/Oct/2025:09:20:48 +0000] "GET /api/alerts/active HTTP/1.1" 200 69 "http://localhost:5173/" "Mozilla/5.0 (Windows NT 10.0; Win64; x64) AppleWebKit/537.36 (KHTML, like Gecko) Chrome/131.0.0.0 Safari/537.36"
{
  "metadata": {
    "service": "Aqua Assists-api",
    "hostname": "Sandip_10",
    "environment": "development"
  }
}
2025-10-05T09:20:48.954Z [info]: ::1 - - [05/Oct/2025:09:20:48 +0000] "GET /api/disaster-prone-areas HTTP/1.1" 304 - "http://localhost:5173/" "Mozilla/5.0 (Windows NT 10.0; Win64; x64) AppleWebKit/537.36 (KHTML, like Gecko) Chrome/131.0.0.0 Safari/537.36"
{
  "metadata": {
    "service": "Aqua Assists-api",
    "hostname": "Sandip_10",
    "environment": "development"
  }
}
2025-10-05T09:20:48.961Z [info]: ::1 - - [05/Oct/2025:09:20:48 +0000] "GET /api/evacuation-centers HTTP/1.1" 304 - "http://localhost:5173/" "Mozilla/5.0 (Windows NT 10.0; Win64; x64) AppleWebKit/537.36 (KHTML, like Gecko) Chrome/131.0.0.0 Safari/537.36"
{
  "metadata": {
    "service": "Aqua Assists-api",
    "hostname": "Sandip_10",
    "environment": "development"
  }
}
2025-10-05T09:20:49.220Z [info]: ::1 - - [05/Oct/2025:09:20:49 +0000] "GET /api/weather/forecast?lat=20.5937&lon=78.9629 HTTP/1.1" 200 694 "http://localhost:5173/" "Mozilla/5.0 (Windows NT 10.0; Win64; x64) AppleWebKit/537.36 (KHTML, like Gecko) Chrome/131.0.0.0 Safari/537.36"
{
  "metadata": {
    "service": "Aqua Assists-api",
    "hostname": "Sandip_10",
    "environment": "development"
  }
}
2025-10-05T09:20:53.680Z [info]: ::1 - - [05/Oct/2025:09:20:53 +0000] "GET /api/water-issues?district=&state=&issueType=&severity=&status=&verificationStatus=&startDate=&endDate=&sortBy=createdAt&sortOrder=desc&page=1&limit=10 HTTP/1.1" 304 - "http://localhost:5173/" "Mozilla/5.0 (Windows NT 10.0; Win64; x64) AppleWebKit/537.36 (KHTML, like Gecko) Chrome/131.0.0.0 Safari/537.36"
{
  "metadata": {
    "service": "Aqua Assists-api",
    "hostname": "Sandip_10",
    "environment": "development"
  }
}
2025-10-05T09:20:56.561Z [info]: ::1 - - [05/Oct/2025:09:20:56 +0000] "GET /api/alerts/nearby?status=active&radius=50&lat=17.6700736&lng=75.9010467 HTTP/1.1" 304 - "http://localhost:5173/" "Mozilla/5.0 (Windows NT 10.0; Win64; x64) AppleWebKit/537.36 (KHTML, like Gecko) Chrome/131.0.0.0 Safari/537.36"
{
  "metadata": {
    "service": "Aqua Assists-api",
    "hostname": "Sandip_10",
    "environment": "development"
  }
}
2025-10-05T09:20:56.576Z [info]: ::1 - - [05/Oct/2025:09:20:56 +0000] "GET /api/alerts?status=active HTTP/1.1" 200 69 "http://localhost:5173/" "Mozilla/5.0 (Windows NT 10.0; Win64; x64) AppleWebKit/537.36 (KHTML, like Gecko) Chrome/131.0.0.0 Safari/537.36"
{
  "metadata": {
    "service": "Aqua Assists-api",
    "hostname": "Sandip_10",
    "environment": "development"
  }
}
2025-10-05T09:20:57.276Z [info]: ::1 - - [05/Oct/2025:09:20:57 +0000] "GET /api/alerts?status=active HTTP/1.1" 200 68 "http://localhost:5173/" "Mozilla/5.0 (Windows NT 10.0; Win64; x64) AppleWebKit/537.36 (KHTML, like Gecko) Chrome/131.0.0.0 Safari/537.36"
{
  "metadata": {
    "service": "Aqua Assists-api",
    "hostname": "Sandip_10",
    "environment": "development"
  }
}
2025-10-05T09:20:57.373Z [info]: ::1 - - [05/Oct/2025:09:20:57 +0000] "GET /api/alerts/nearby?status=active&lat=17.6700736&lng=75.9010467&radius=50 HTTP/1.1" 304 - "http://localhost:5173/" "Mozilla/5.0 (Windows NT 10.0; Win64; x64) AppleWebKit/537.36 (KHTML, like Gecko) Chrome/131.0.0.0 Safari/537.36"
{
  "metadata": {
    "service": "Aqua Assists-api",
    "hostname": "Sandip_10",
    "environment": "development"
  }
}
2025-10-05T09:20:58.251Z [info]: ::1 - - [05/Oct/2025:09:20:58 +0000] "GET /api/alerts/nearby?status=active&lat=17.6700736&lng=75.9010467&radius=50 HTTP/1.1" 304 - "http://localhost:5173/" "Mozilla/5.0 (Windows NT 10.0; Win64; x64) AppleWebKit/537.36 (KHTML, like Gecko) Chrome/131.0.0.0 Safari/537.36"
{
  "metadata": {
    "service": "Aqua Assists-api",
    "hostname": "Sandip_10",
    "environment": "development"
  }
}
2025-10-05T09:21:02.499Z [info]: ::1 - - [05/Oct/2025:09:21:02 +0000] "GET /api/alerts?status=active HTTP/1.1" 304 - "http://localhost:5173/" "Mozilla/5.0 (Windows NT 10.0; Win64; x64) AppleWebKit/537.36 (KHTML, like Gecko) Chrome/131.0.0.0 Safari/537.36"
{
  "metadata": {
    "service": "Aqua Assists-api",
    "hostname": "Sandip_10",
    "environment": "development"
  }
}
2025-10-05T09:21:02.590Z [info]: ::1 - - [05/Oct/2025:09:21:02 +0000] "GET /api/alerts/nearby?status=active&radius=50&lat=17.6700736&lng=75.9010467 HTTP/1.1" 304 - "http://localhost:5173/" "Mozilla/5.0 (Windows NT 10.0; Win64; x64) AppleWebKit/537.36 (KHTML, like Gecko) Chrome/131.0.0.0 Safari/537.36"
{
  "metadata": {
    "service": "Aqua Assists-api",
    "hostname": "Sandip_10",
    "environment": "development"
  }
}
2025-10-05T09:21:03.928Z [info]: ::1 - - [05/Oct/2025:09:21:03 +0000] "GET /api/alerts/nearby?status=active&lat=17.6700736&lng=75.9010467&radius=50 HTTP/1.1" 304 - "http://localhost:5173/" "Mozilla/5.0 (Windows NT 10.0; Win64; x64) AppleWebKit/537.36 (KHTML, like Gecko) Chrome/131.0.0.0 Safari/537.36"
{
  "metadata": {
    "service": "Aqua Assists-api",
    "hostname": "Sandip_10",
    "environment": "development"
  }
}
2025-10-05T09:21:05.459Z [info]: ::1 - - [05/Oct/2025:09:21:05 +0000] "GET /api/notifications HTTP/1.1" 200 - "http://localhost:5173/notifications" "Mozilla/5.0 (Windows NT 10.0; Win64; x64) AppleWebKit/537.36 (KHTML, like Gecko) Chrome/131.0.0.0 Safari/537.36"
{
  "metadata": {
    "service": "Aqua Assists-api",
    "hostname": "Sandip_10",
    "environment": "development"
  }
}
2025-10-05T09:21:08.951Z [info]: ::1 - - [05/Oct/2025:09:21:08 +0000] "GET /api/auth/profile HTTP/1.1" 304 - "http://localhost:5173/" "Mozilla/5.0 (Windows NT 10.0; Win64; x64) AppleWebKit/537.36 (KHTML, like Gecko) Chrome/131.0.0.0 Safari/537.36"
{
  "metadata": {
    "service": "Aqua Assists-api",
    "hostname": "Sandip_10",
    "environment": "development"
  }
}
2025-10-05T09:21:42.743Z [info]: ::1 - - [05/Oct/2025:09:21:42 +0000] "POST /api/auth/login HTTP/1.1" 200 972 "http://localhost:5173/" "Mozilla/5.0 (Windows NT 10.0; Win64; x64) AppleWebKit/537.36 (KHTML, like Gecko) Chrome/131.0.0.0 Safari/537.36"
{
  "metadata": {
    "service": "Aqua Assists-api",
    "hostname": "Sandip_10",
    "environment": "development"
  }
}
2025-10-05T09:21:45.401Z [info]: ::1 - - [05/Oct/2025:09:21:45 +0000] "GET /api/alerts?status=active HTTP/1.1" 304 - "http://localhost:5173/" "Mozilla/5.0 (Windows NT 10.0; Win64; x64) AppleWebKit/537.36 (KHTML, like Gecko) Chrome/131.0.0.0 Safari/537.36"
{
  "metadata": {
    "service": "Aqua Assists-api",
    "hostname": "Sandip_10",
    "environment": "development"
  }
}
2025-10-05T09:21:45.608Z [info]: ::1 - - [05/Oct/2025:09:21:45 +0000] "POST /api/auth/login HTTP/1.1" 200 972 "http://localhost:5173/" "Mozilla/5.0 (Windows NT 10.0; Win64; x64) AppleWebKit/537.36 (KHTML, like Gecko) Chrome/131.0.0.0 Safari/537.36"
{
  "metadata": {
    "service": "Aqua Assists-api",
    "hostname": "Sandip_10",
    "environment": "development"
  }
}
2025-10-05T09:21:47.550Z [info]: ::1 - - [05/Oct/2025:09:21:47 +0000] "GET /api/alerts?status=active HTTP/1.1" 304 - "http://localhost:5173/" "Mozilla/5.0 (Windows NT 10.0; Win64; x64) AppleWebKit/537.36 (KHTML, like Gecko) Chrome/131.0.0.0 Safari/537.36"
{
  "metadata": {
    "service": "Aqua Assists-api",
    "hostname": "Sandip_10",
    "environment": "development"
  }
}
2025-10-05T09:21:47.709Z [info]: ::1 - - [05/Oct/2025:09:21:47 +0000] "GET /api/alerts/nearby?status=active&lat=17.6700736&lng=75.9010467&radius=50 HTTP/1.1" 304 - "http://localhost:5173/" "Mozilla/5.0 (Windows NT 10.0; Win64; x64) AppleWebKit/537.36 (KHTML, like Gecko) Chrome/131.0.0.0 Safari/537.36"
{
  "metadata": {
    "service": "Aqua Assists-api",
    "hostname": "Sandip_10",
    "environment": "development"
  }
}
2025-10-05T09:21:49.959Z [info]: ::1 - - [05/Oct/2025:09:21:49 +0000] "GET /api/alerts/nearby?status=active&lat=17.6700736&lng=75.9010467&radius=50 HTTP/1.1" 304 - "http://localhost:5173/" "Mozilla/5.0 (Windows NT 10.0; Win64; x64) AppleWebKit/537.36 (KHTML, like Gecko) Chrome/131.0.0.0 Safari/537.36"
{
  "metadata": {
    "service": "Aqua Assists-api",
    "hostname": "Sandip_10",
    "environment": "development"
  }
}
2025-10-05T09:22:15.164Z [info]: ::1 - - [05/Oct/2025:09:22:15 +0000] "GET /api/notifications HTTP/1.1" 304 - "http://localhost:5173/citizen-dashboard" "Mozilla/5.0 (Windows NT 10.0; Win64; x64) AppleWebKit/537.36 (KHTML, like Gecko) Chrome/131.0.0.0 Safari/537.36"
{
  "metadata": {
    "service": "Aqua Assists-api",
    "hostname": "Sandip_10",
    "environment": "development"
  }
}
2025-10-05T09:22:48.152Z [info]: ::1 - - [05/Oct/2025:09:22:48 +0000] "GET /api/notifications HTTP/1.1" 304 - "http://localhost:5173/citizen-dashboard" "Mozilla/5.0 (Windows NT 10.0; Win64; x64) AppleWebKit/537.36 (KHTML, like Gecko) Chrome/131.0.0.0 Safari/537.36"
{
  "metadata": {
    "service": "Aqua Assists-api",
    "hostname": "Sandip_10",
    "environment": "development"
  }
}
2025-10-05T09:23:21.415Z [info]: ::1 - - [05/Oct/2025:09:23:21 +0000] "GET /api/notifications HTTP/1.1" 304 - "http://localhost:5173/citizen-dashboard" "Mozilla/5.0 (Windows NT 10.0; Win64; x64) AppleWebKit/537.36 (KHTML, like Gecko) Chrome/131.0.0.0 Safari/537.36"
{
  "metadata": {
    "service": "Aqua Assists-api",
    "hostname": "Sandip_10",
    "environment": "development"
  }
}
2025-10-05T09:23:53.784Z [info]: ::1 - - [05/Oct/2025:09:23:53 +0000] "GET /api/notifications HTTP/1.1" 304 - "http://localhost:5173/citizen-dashboard" "Mozilla/5.0 (Windows NT 10.0; Win64; x64) AppleWebKit/537.36 (KHTML, like Gecko) Chrome/131.0.0.0 Safari/537.36"
{
  "metadata": {
    "service": "Aqua Assists-api",
    "hostname": "Sandip_10",
    "environment": "development"
  }
}
2025-10-05T09:24:27.128Z [info]: ::1 - - [05/Oct/2025:09:24:27 +0000] "GET /api/notifications HTTP/1.1" 304 - "http://localhost:5173/citizen-dashboard" "Mozilla/5.0 (Windows NT 10.0; Win64; x64) AppleWebKit/537.36 (KHTML, like Gecko) Chrome/131.0.0.0 Safari/537.36"
{
  "metadata": {
    "service": "Aqua Assists-api",
    "hostname": "Sandip_10",
    "environment": "development"
  }
}
2025-10-05T09:25:01.284Z [info]: ::1 - - [05/Oct/2025:09:25:01 +0000] "GET /api/notifications HTTP/1.1" 304 - "http://localhost:5173/citizen-dashboard" "Mozilla/5.0 (Windows NT 10.0; Win64; x64) AppleWebKit/537.36 (KHTML, like Gecko) Chrome/131.0.0.0 Safari/537.36"
{
  "metadata": {
    "service": "Aqua Assists-api",
    "hostname": "Sandip_10",
    "environment": "development"
  }
}
2025-10-05T09:25:35.105Z [info]: ::1 - - [05/Oct/2025:09:25:35 +0000] "GET /api/notifications HTTP/1.1" 304 - "http://localhost:5173/citizen-dashboard" "Mozilla/5.0 (Windows NT 10.0; Win64; x64) AppleWebKit/537.36 (KHTML, like Gecko) Chrome/131.0.0.0 Safari/537.36"
{
  "metadata": {
    "service": "Aqua Assists-api",
    "hostname": "Sandip_10",
    "environment": "development"
  }
}
2025-10-05T09:26:09.404Z [info]: ::1 - - [05/Oct/2025:09:26:09 +0000] "GET /api/notifications HTTP/1.1" 304 - "http://localhost:5173/citizen-dashboard" "Mozilla/5.0 (Windows NT 10.0; Win64; x64) AppleWebKit/537.36 (KHTML, like Gecko) Chrome/131.0.0.0 Safari/537.36"
{
  "metadata": {
    "service": "Aqua Assists-api",
    "hostname": "Sandip_10",
    "environment": "development"
  }
}
2025-10-05T09:26:43.299Z [info]: ::1 - - [05/Oct/2025:09:26:43 +0000] "GET /api/notifications HTTP/1.1" 304 - "http://localhost:5173/citizen-dashboard" "Mozilla/5.0 (Windows NT 10.0; Win64; x64) AppleWebKit/537.36 (KHTML, like Gecko) Chrome/131.0.0.0 Safari/537.36"
{
  "metadata": {
    "service": "Aqua Assists-api",
    "hostname": "Sandip_10",
    "environment": "development"
  }
}
2025-10-05T09:27:17.365Z [info]: ::1 - - [05/Oct/2025:09:27:17 +0000] "GET /api/notifications HTTP/1.1" 304 - "http://localhost:5173/citizen-dashboard" "Mozilla/5.0 (Windows NT 10.0; Win64; x64) AppleWebKit/537.36 (KHTML, like Gecko) Chrome/131.0.0.0 Safari/537.36"
{
  "metadata": {
    "service": "Aqua Assists-api",
    "hostname": "Sandip_10",
    "environment": "development"
  }
}
2025-10-05T09:27:48.190Z [info]: ::1 - - [05/Oct/2025:09:27:48 +0000] "GET /api/notifications HTTP/1.1" 304 - "http://localhost:5173/citizen-dashboard" "Mozilla/5.0 (Windows NT 10.0; Win64; x64) AppleWebKit/537.36 (KHTML, like Gecko) Chrome/131.0.0.0 Safari/537.36"
{
  "metadata": {
    "service": "Aqua Assists-api",
    "hostname": "Sandip_10",
    "environment": "development"
  }
}
2025-10-05T09:28:19.207Z [info]: ::1 - - [05/Oct/2025:09:28:19 +0000] "GET /api/notifications HTTP/1.1" 304 - "http://localhost:5173/citizen-dashboard" "Mozilla/5.0 (Windows NT 10.0; Win64; x64) AppleWebKit/537.36 (KHTML, like Gecko) Chrome/131.0.0.0 Safari/537.36"
{
  "metadata": {
    "service": "Aqua Assists-api",
    "hostname": "Sandip_10",
    "environment": "development"
  }
}
2025-10-05T09:28:50.468Z [info]: ::1 - - [05/Oct/2025:09:28:50 +0000] "GET /api/notifications HTTP/1.1" 304 - "http://localhost:5173/citizen-dashboard" "Mozilla/5.0 (Windows NT 10.0; Win64; x64) AppleWebKit/537.36 (KHTML, like Gecko) Chrome/131.0.0.0 Safari/537.36"
{
  "metadata": {
    "service": "Aqua Assists-api",
    "hostname": "Sandip_10",
    "environment": "development"
  }
}
2025-10-05T09:29:21.159Z [info]: ::1 - - [05/Oct/2025:09:29:21 +0000] "GET /api/notifications HTTP/1.1" 304 - "http://localhost:5173/citizen-dashboard" "Mozilla/5.0 (Windows NT 10.0; Win64; x64) AppleWebKit/537.36 (KHTML, like Gecko) Chrome/131.0.0.0 Safari/537.36"
{
  "metadata": {
    "service": "Aqua Assists-api",
    "hostname": "Sandip_10",
    "environment": "development"
  }
}
2025-10-05T09:29:52.519Z [info]: ::1 - - [05/Oct/2025:09:29:52 +0000] "GET /api/notifications HTTP/1.1" 304 - "http://localhost:5173/citizen-dashboard" "Mozilla/5.0 (Windows NT 10.0; Win64; x64) AppleWebKit/537.36 (KHTML, like Gecko) Chrome/131.0.0.0 Safari/537.36"
{
  "metadata": {
    "service": "Aqua Assists-api",
    "hostname": "Sandip_10",
    "environment": "development"
  }
}
2025-10-05T09:30:23.191Z [info]: ::1 - - [05/Oct/2025:09:30:23 +0000] "GET /api/notifications HTTP/1.1" 304 - "http://localhost:5173/citizen-dashboard" "Mozilla/5.0 (Windows NT 10.0; Win64; x64) AppleWebKit/537.36 (KHTML, like Gecko) Chrome/131.0.0.0 Safari/537.36"
{
  "metadata": {
    "service": "Aqua Assists-api",
    "hostname": "Sandip_10",
    "environment": "development"
  }
}
2025-10-05T09:30:54.303Z [info]: ::1 - - [05/Oct/2025:09:30:54 +0000] "GET /api/notifications HTTP/1.1" 304 - "http://localhost:5173/citizen-dashboard" "Mozilla/5.0 (Windows NT 10.0; Win64; x64) AppleWebKit/537.36 (KHTML, like Gecko) Chrome/131.0.0.0 Safari/537.36"
{
  "metadata": {
    "service": "Aqua Assists-api",
    "hostname": "Sandip_10",
    "environment": "development"
  }
}
2025-10-05T09:31:25.100Z [info]: ::1 - - [05/Oct/2025:09:31:25 +0000] "GET /api/notifications HTTP/1.1" 304 - "http://localhost:5173/citizen-dashboard" "Mozilla/5.0 (Windows NT 10.0; Win64; x64) AppleWebKit/537.36 (KHTML, like Gecko) Chrome/131.0.0.0 Safari/537.36"
{
  "metadata": {
    "service": "Aqua Assists-api",
    "hostname": "Sandip_10",
    "environment": "development"
  }
}
2025-10-05T09:31:56.124Z [info]: ::1 - - [05/Oct/2025:09:31:56 +0000] "GET /api/notifications HTTP/1.1" 304 - "http://localhost:5173/citizen-dashboard" "Mozilla/5.0 (Windows NT 10.0; Win64; x64) AppleWebKit/537.36 (KHTML, like Gecko) Chrome/131.0.0.0 Safari/537.36"
{
  "metadata": {
    "service": "Aqua Assists-api",
    "hostname": "Sandip_10",
    "environment": "development"
  }
}
2025-10-05T09:32:27.218Z [info]: ::1 - - [05/Oct/2025:09:32:27 +0000] "GET /api/notifications HTTP/1.1" 304 - "http://localhost:5173/citizen-dashboard" "Mozilla/5.0 (Windows NT 10.0; Win64; x64) AppleWebKit/537.36 (KHTML, like Gecko) Chrome/131.0.0.0 Safari/537.36"
{
  "metadata": {
    "service": "Aqua Assists-api",
    "hostname": "Sandip_10",
    "environment": "development"
  }
}
2025-10-05T09:32:58.113Z [info]: ::1 - - [05/Oct/2025:09:32:58 +0000] "GET /api/notifications HTTP/1.1" 304 - "http://localhost:5173/citizen-dashboard" "Mozilla/5.0 (Windows NT 10.0; Win64; x64) AppleWebKit/537.36 (KHTML, like Gecko) Chrome/131.0.0.0 Safari/537.36"
{
  "metadata": {
    "service": "Aqua Assists-api",
    "hostname": "Sandip_10",
    "environment": "development"
  }
}
2025-10-05T09:33:25.054Z [info]: ::1 - - [05/Oct/2025:09:33:25 +0000] "GET /api/alerts?status=active HTTP/1.1" 200 68 "http://localhost:5173/" "Mozilla/5.0 (Windows NT 10.0; Win64; x64) AppleWebKit/537.36 (KHTML, like Gecko) Chrome/131.0.0.0 Safari/537.36"
{
  "metadata": {
    "service": "Aqua Assists-api",
    "hostname": "Sandip_10",
    "environment": "development"
  }
}
2025-10-05T09:33:25.136Z [info]: ::1 - - [05/Oct/2025:09:33:25 +0000] "GET /api/alerts?status=active HTTP/1.1" 200 67 "http://localhost:5173/" "Mozilla/5.0 (Windows NT 10.0; Win64; x64) AppleWebKit/537.36 (KHTML, like Gecko) Chrome/131.0.0.0 Safari/537.36"
{
  "metadata": {
    "service": "Aqua Assists-api",
    "hostname": "Sandip_10",
    "environment": "development"
  }
}
2025-10-05T09:33:25.219Z [info]: ::1 - - [05/Oct/2025:09:33:25 +0000] "GET /api/alerts?status=active HTTP/1.1" 304 - "http://localhost:5173/" "Mozilla/5.0 (Windows NT 10.0; Win64; x64) AppleWebKit/537.36 (KHTML, like Gecko) Chrome/131.0.0.0 Safari/537.36"
{
  "metadata": {
    "service": "Aqua Assists-api",
    "hostname": "Sandip_10",
    "environment": "development"
  }
}
2025-10-05T09:33:25.325Z [info]: ::1 - - [05/Oct/2025:09:33:25 +0000] "GET /api/alerts?status=active HTTP/1.1" 304 - "http://localhost:5173/" "Mozilla/5.0 (Windows NT 10.0; Win64; x64) AppleWebKit/537.36 (KHTML, like Gecko) Chrome/131.0.0.0 Safari/537.36"
{
  "metadata": {
    "service": "Aqua Assists-api",
    "hostname": "Sandip_10",
    "environment": "development"
  }
}
2025-10-05T09:33:29.122Z [info]: ::1 - - [05/Oct/2025:09:33:29 +0000] "GET /api/notifications HTTP/1.1" 304 - "http://localhost:5173/citizen-dashboard" "Mozilla/5.0 (Windows NT 10.0; Win64; x64) AppleWebKit/537.36 (KHTML, like Gecko) Chrome/131.0.0.0 Safari/537.36"
{
  "metadata": {
    "service": "Aqua Assists-api",
    "hostname": "Sandip_10",
    "environment": "development"
  }
}
2025-10-05T09:33:59.388Z [info]: ::1 - - [05/Oct/2025:09:33:59 +0000] "GET /api/notifications HTTP/1.1" 304 - "http://localhost:5173/citizen-dashboard" "Mozilla/5.0 (Windows NT 10.0; Win64; x64) AppleWebKit/537.36 (KHTML, like Gecko) Chrome/131.0.0.0 Safari/537.36"
{
  "metadata": {
    "service": "Aqua Assists-api",
    "hostname": "Sandip_10",
    "environment": "development"
  }
}
2025-10-05T09:34:10.256Z [info]: ::1 - - [05/Oct/2025:09:34:10 +0000] "POST /api/auth/login HTTP/1.1" 200 972 "http://localhost:5173/" "Mozilla/5.0 (Windows NT 10.0; Win64; x64) AppleWebKit/537.36 (KHTML, like Gecko) Chrome/131.0.0.0 Safari/537.36"
{
  "metadata": {
    "service": "Aqua Assists-api",
    "hostname": "Sandip_10",
    "environment": "development"
  }
}
2025-10-05T09:34:10.768Z [info]: ::1 - - [05/Oct/2025:09:34:10 +0000] "GET /api/alerts?status=active HTTP/1.1" 304 - "http://localhost:5173/" "Mozilla/5.0 (Windows NT 10.0; Win64; x64) AppleWebKit/537.36 (KHTML, like Gecko) Chrome/131.0.0.0 Safari/537.36"
{
  "metadata": {
    "service": "Aqua Assists-api",
    "hostname": "Sandip_10",
    "environment": "development"
  }
}
2025-10-05T09:34:10.852Z [info]: ::1 - - [05/Oct/2025:09:34:10 +0000] "GET /api/alerts?status=active HTTP/1.1" 304 - "http://localhost:5173/" "Mozilla/5.0 (Windows NT 10.0; Win64; x64) AppleWebKit/537.36 (KHTML, like Gecko) Chrome/131.0.0.0 Safari/537.36"
{
  "metadata": {
    "service": "Aqua Assists-api",
    "hostname": "Sandip_10",
    "environment": "development"
  }
}
2025-10-05T09:34:11.012Z [info]: ::1 - - [05/Oct/2025:09:34:11 +0000] "GET /api/alerts/nearby?status=active&lat=17.6700736&lng=75.9010467&radius=50 HTTP/1.1" 304 - "http://localhost:5173/" "Mozilla/5.0 (Windows NT 10.0; Win64; x64) AppleWebKit/537.36 (KHTML, like Gecko) Chrome/131.0.0.0 Safari/537.36"
{
  "metadata": {
    "service": "Aqua Assists-api",
    "hostname": "Sandip_10",
    "environment": "development"
  }
}
2025-10-05T09:34:11.190Z [info]: ::1 - - [05/Oct/2025:09:34:11 +0000] "GET /api/alerts/nearby?status=active&lat=17.6700736&lng=75.9010467&radius=50 HTTP/1.1" 304 - "http://localhost:5173/" "Mozilla/5.0 (Windows NT 10.0; Win64; x64) AppleWebKit/537.36 (KHTML, like Gecko) Chrome/131.0.0.0 Safari/537.36"
{
  "metadata": {
    "service": "Aqua Assists-api",
    "hostname": "Sandip_10",
    "environment": "development"
  }
}
2025-10-05T09:34:23.976Z [info]: ::1 - - [05/Oct/2025:09:34:23 +0000] "POST /api/auth/login HTTP/1.1" 200 - "http://localhost:5173/" "Mozilla/5.0 (Windows NT 10.0; Win64; x64) AppleWebKit/537.36 (KHTML, like Gecko) Chrome/131.0.0.0 Safari/537.36"
{
  "metadata": {
    "service": "Aqua Assists-api",
    "hostname": "Sandip_10",
    "environment": "development"
  }
}
2025-10-05T09:34:26.839Z [error]: Route not found with ID: /api/api/admin/resources?page=1&limit=10&search=&category=all&location=all&status=all&sortField=name&sortOrder=asc [7ad286d6-a161-48f4-832a-c15a19e7f4d6]
{
  "metadata": {
    "service": "Aqua Assists-api",
    "hostname": "Sandip_10",
    "environment": "development",
    "correlationId": "7ad286d6-a161-48f4-832a-c15a19e7f4d6",
    "url": "/api/api/admin/resources?page=1&limit=10&search=&category=all&location=all&status=all&sortField=name&sortOrder=asc",
    "method": "GET",
    "ip": "::1",
    "userAgent": "Mozilla/5.0 (Windows NT 10.0; Win64; x64) AppleWebKit/537.36 (KHTML, like Gecko) Chrome/131.0.0.0 Safari/537.36",
    "userId": "anonymous",
    "requestQuery": {
      "page": "1",
      "limit": "10",
      "search": "",
      "category": "all",
      "location": "all",
      "status": "all",
      "sortField": "name",
      "sortOrder": "asc"
    },
    "error": {
      "name": "ResourceNotFoundError",
      "message": "Route not found with ID: /api/api/admin/resources?page=1&limit=10&search=&category=all&location=all&status=all&sortField=name&sortOrder=asc",
      "stack": "ResourceNotFoundError: Route not found with ID: /api/api/admin/resources?page=1&limit=10&search=&category=all&location=all&status=all&sortField=name&sortOrder=asc\n    at notFoundHandler (S:\\flood-disaster-management\\server\\middleware\\errorHandler.js:361:17)\n    at Layer.handle [as handle_request] (S:\\flood-disaster-management\\server\\node_modules\\express\\lib\\router\\layer.js:95:5)\n    at trim_prefix (S:\\flood-disaster-management\\server\\node_modules\\express\\lib\\router\\index.js:328:13)\n    at S:\\flood-disaster-management\\server\\node_modules\\express\\lib\\router\\index.js:286:9\n    at Function.process_params (S:\\flood-disaster-management\\server\\node_modules\\express\\lib\\router\\index.js:346:12)\n    at next (S:\\flood-disaster-management\\server\\node_modules\\express\\lib\\router\\index.js:280:10)\n    at S:\\flood-disaster-management\\server\\node_modules\\express\\lib\\router\\index.js:646:15\n    at next (S:\\flood-disaster-management\\server\\node_modules\\express\\lib\\router\\index.js:265:14)\n    at Function.handle (S:\\flood-disaster-management\\server\\node_modules\\express\\lib\\router\\index.js:175:3)\n    at router (S:\\flood-disaster-management\\server\\node_modules\\express\\lib\\router\\index.js:47:12)",
      "errorCode": "ERR_NOT_FOUND"
    }
  }
}
2025-10-05T09:34:26.843Z [info]: ::1 - - [05/Oct/2025:09:34:26 +0000] "GET /api/api/admin/resources?page=1&limit=10&search=&category=all&location=all&status=all&sortField=name&sortOrder=asc HTTP/1.1" 404 287 "http://localhost:5173/" "Mozilla/5.0 (Windows NT 10.0; Win64; x64) AppleWebKit/537.36 (KHTML, like Gecko) Chrome/131.0.0.0 Safari/537.36"
{
  "metadata": {
    "service": "Aqua Assists-api",
    "hostname": "Sandip_10",
    "environment": "development"
  }
}
2025-10-05T09:34:27.858Z [error]: Route not found with ID: /api/api/admin/resources?page=1&limit=10&search=&category=all&location=all&status=all&sortField=name&sortOrder=asc [507ebb73-2a8a-4cff-9001-dcb49f8ad716]
{
  "metadata": {
    "service": "Aqua Assists-api",
    "hostname": "Sandip_10",
    "environment": "development",
    "correlationId": "507ebb73-2a8a-4cff-9001-dcb49f8ad716",
    "url": "/api/api/admin/resources?page=1&limit=10&search=&category=all&location=all&status=all&sortField=name&sortOrder=asc",
    "method": "GET",
    "ip": "::1",
    "userAgent": "Mozilla/5.0 (Windows NT 10.0; Win64; x64) AppleWebKit/537.36 (KHTML, like Gecko) Chrome/131.0.0.0 Safari/537.36",
    "userId": "anonymous",
    "requestQuery": {
      "page": "1",
      "limit": "10",
      "search": "",
      "category": "all",
      "location": "all",
      "status": "all",
      "sortField": "name",
      "sortOrder": "asc"
    },
    "error": {
      "name": "ResourceNotFoundError",
      "message": "Route not found with ID: /api/api/admin/resources?page=1&limit=10&search=&category=all&location=all&status=all&sortField=name&sortOrder=asc",
      "stack": "ResourceNotFoundError: Route not found with ID: /api/api/admin/resources?page=1&limit=10&search=&category=all&location=all&status=all&sortField=name&sortOrder=asc\n    at notFoundHandler (S:\\flood-disaster-management\\server\\middleware\\errorHandler.js:361:17)\n    at Layer.handle [as handle_request] (S:\\flood-disaster-management\\server\\node_modules\\express\\lib\\router\\layer.js:95:5)\n    at trim_prefix (S:\\flood-disaster-management\\server\\node_modules\\express\\lib\\router\\index.js:328:13)\n    at S:\\flood-disaster-management\\server\\node_modules\\express\\lib\\router\\index.js:286:9\n    at Function.process_params (S:\\flood-disaster-management\\server\\node_modules\\express\\lib\\router\\index.js:346:12)\n    at next (S:\\flood-disaster-management\\server\\node_modules\\express\\lib\\router\\index.js:280:10)\n    at S:\\flood-disaster-management\\server\\node_modules\\express\\lib\\router\\index.js:646:15\n    at next (S:\\flood-disaster-management\\server\\node_modules\\express\\lib\\router\\index.js:265:14)\n    at Function.handle (S:\\flood-disaster-management\\server\\node_modules\\express\\lib\\router\\index.js:175:3)\n    at router (S:\\flood-disaster-management\\server\\node_modules\\express\\lib\\router\\index.js:47:12)",
      "errorCode": "ERR_NOT_FOUND"
    }
  }
}
2025-10-05T09:34:27.861Z [info]: ::1 - - [05/Oct/2025:09:34:27 +0000] "GET /api/api/admin/resources?page=1&limit=10&search=&category=all&location=all&status=all&sortField=name&sortOrder=asc HTTP/1.1" 404 287 "http://localhost:5173/" "Mozilla/5.0 (Windows NT 10.0; Win64; x64) AppleWebKit/537.36 (KHTML, like Gecko) Chrome/131.0.0.0 Safari/537.36"
{
  "metadata": {
    "service": "Aqua Assists-api",
    "hostname": "Sandip_10",
    "environment": "development"
  }
}
2025-10-05T09:34:29.871Z [error]: Route not found with ID: /api/api/admin/resources?page=1&limit=10&search=&category=all&location=all&status=all&sortField=name&sortOrder=asc [ec86abf6-e47c-4d50-a26b-ed4c94f1c795]
{
  "metadata": {
    "service": "Aqua Assists-api",
    "hostname": "Sandip_10",
    "environment": "development",
    "correlationId": "ec86abf6-e47c-4d50-a26b-ed4c94f1c795",
    "url": "/api/api/admin/resources?page=1&limit=10&search=&category=all&location=all&status=all&sortField=name&sortOrder=asc",
    "method": "GET",
    "ip": "::1",
    "userAgent": "Mozilla/5.0 (Windows NT 10.0; Win64; x64) AppleWebKit/537.36 (KHTML, like Gecko) Chrome/131.0.0.0 Safari/537.36",
    "userId": "anonymous",
    "requestQuery": {
      "page": "1",
      "limit": "10",
      "search": "",
      "category": "all",
      "location": "all",
      "status": "all",
      "sortField": "name",
      "sortOrder": "asc"
    },
    "error": {
      "name": "ResourceNotFoundError",
      "message": "Route not found with ID: /api/api/admin/resources?page=1&limit=10&search=&category=all&location=all&status=all&sortField=name&sortOrder=asc",
      "stack": "ResourceNotFoundError: Route not found with ID: /api/api/admin/resources?page=1&limit=10&search=&category=all&location=all&status=all&sortField=name&sortOrder=asc\n    at notFoundHandler (S:\\flood-disaster-management\\server\\middleware\\errorHandler.js:361:17)\n    at Layer.handle [as handle_request] (S:\\flood-disaster-management\\server\\node_modules\\express\\lib\\router\\layer.js:95:5)\n    at trim_prefix (S:\\flood-disaster-management\\server\\node_modules\\express\\lib\\router\\index.js:328:13)\n    at S:\\flood-disaster-management\\server\\node_modules\\express\\lib\\router\\index.js:286:9\n    at Function.process_params (S:\\flood-disaster-management\\server\\node_modules\\express\\lib\\router\\index.js:346:12)\n    at next (S:\\flood-disaster-management\\server\\node_modules\\express\\lib\\router\\index.js:280:10)\n    at S:\\flood-disaster-management\\server\\node_modules\\express\\lib\\router\\index.js:646:15\n    at next (S:\\flood-disaster-management\\server\\node_modules\\express\\lib\\router\\index.js:265:14)\n    at Function.handle (S:\\flood-disaster-management\\server\\node_modules\\express\\lib\\router\\index.js:175:3)\n    at router (S:\\flood-disaster-management\\server\\node_modules\\express\\lib\\router\\index.js:47:12)",
      "errorCode": "ERR_NOT_FOUND"
    }
  }
}
2025-10-05T09:34:29.874Z [info]: ::1 - - [05/Oct/2025:09:34:29 +0000] "GET /api/api/admin/resources?page=1&limit=10&search=&category=all&location=all&status=all&sortField=name&sortOrder=asc HTTP/1.1" 404 287 "http://localhost:5173/" "Mozilla/5.0 (Windows NT 10.0; Win64; x64) AppleWebKit/537.36 (KHTML, like Gecko) Chrome/131.0.0.0 Safari/537.36"
{
  "metadata": {
    "service": "Aqua Assists-api",
    "hostname": "Sandip_10",
    "environment": "development"
  }
}
2025-10-05T09:34:33.885Z [error]: Route not found with ID: /api/api/admin/resources?page=1&limit=10&search=&category=all&location=all&status=all&sortField=name&sortOrder=asc [cfcc1b01-d309-464a-9b6a-a81040df1f47]
{
  "metadata": {
    "service": "Aqua Assists-api",
    "hostname": "Sandip_10",
    "environment": "development",
    "correlationId": "cfcc1b01-d309-464a-9b6a-a81040df1f47",
    "url": "/api/api/admin/resources?page=1&limit=10&search=&category=all&location=all&status=all&sortField=name&sortOrder=asc",
    "method": "GET",
    "ip": "::1",
    "userAgent": "Mozilla/5.0 (Windows NT 10.0; Win64; x64) AppleWebKit/537.36 (KHTML, like Gecko) Chrome/131.0.0.0 Safari/537.36",
    "userId": "anonymous",
    "requestQuery": {
      "page": "1",
      "limit": "10",
      "search": "",
      "category": "all",
      "location": "all",
      "status": "all",
      "sortField": "name",
      "sortOrder": "asc"
    },
    "error": {
      "name": "ResourceNotFoundError",
      "message": "Route not found with ID: /api/api/admin/resources?page=1&limit=10&search=&category=all&location=all&status=all&sortField=name&sortOrder=asc",
      "stack": "ResourceNotFoundError: Route not found with ID: /api/api/admin/resources?page=1&limit=10&search=&category=all&location=all&status=all&sortField=name&sortOrder=asc\n    at notFoundHandler (S:\\flood-disaster-management\\server\\middleware\\errorHandler.js:361:17)\n    at Layer.handle [as handle_request] (S:\\flood-disaster-management\\server\\node_modules\\express\\lib\\router\\layer.js:95:5)\n    at trim_prefix (S:\\flood-disaster-management\\server\\node_modules\\express\\lib\\router\\index.js:328:13)\n    at S:\\flood-disaster-management\\server\\node_modules\\express\\lib\\router\\index.js:286:9\n    at Function.process_params (S:\\flood-disaster-management\\server\\node_modules\\express\\lib\\router\\index.js:346:12)\n    at next (S:\\flood-disaster-management\\server\\node_modules\\express\\lib\\router\\index.js:280:10)\n    at S:\\flood-disaster-management\\server\\node_modules\\express\\lib\\router\\index.js:646:15\n    at next (S:\\flood-disaster-management\\server\\node_modules\\express\\lib\\router\\index.js:265:14)\n    at Function.handle (S:\\flood-disaster-management\\server\\node_modules\\express\\lib\\router\\index.js:175:3)\n    at router (S:\\flood-disaster-management\\server\\node_modules\\express\\lib\\router\\index.js:47:12)",
      "errorCode": "ERR_NOT_FOUND"
    }
  }
}
2025-10-05T09:34:33.888Z [info]: ::1 - - [05/Oct/2025:09:34:33 +0000] "GET /api/api/admin/resources?page=1&limit=10&search=&category=all&location=all&status=all&sortField=name&sortOrder=asc HTTP/1.1" 404 287 "http://localhost:5173/" "Mozilla/5.0 (Windows NT 10.0; Win64; x64) AppleWebKit/537.36 (KHTML, like Gecko) Chrome/131.0.0.0 Safari/537.36"
{
  "metadata": {
    "service": "Aqua Assists-api",
    "hostname": "Sandip_10",
    "environment": "development"
  }
}
2025-10-05T09:34:36.380Z [error]: Route not found with ID: /api/api/admin/resources?page=1&limit=10&search=&category=all&location=all&status=all&sortField=name&sortOrder=asc [581ee928-90b1-4b2a-bb11-8e6f10bd7243]
{
  "metadata": {
    "service": "Aqua Assists-api",
    "hostname": "Sandip_10",
    "environment": "development",
    "correlationId": "581ee928-90b1-4b2a-bb11-8e6f10bd7243",
    "url": "/api/api/admin/resources?page=1&limit=10&search=&category=all&location=all&status=all&sortField=name&sortOrder=asc",
    "method": "GET",
    "ip": "::1",
    "userAgent": "Mozilla/5.0 (Windows NT 10.0; Win64; x64) AppleWebKit/537.36 (KHTML, like Gecko) Chrome/131.0.0.0 Safari/537.36",
    "userId": "anonymous",
    "requestQuery": {
      "page": "1",
      "limit": "10",
      "search": "",
      "category": "all",
      "location": "all",
      "status": "all",
      "sortField": "name",
      "sortOrder": "asc"
    },
    "error": {
      "name": "ResourceNotFoundError",
      "message": "Route not found with ID: /api/api/admin/resources?page=1&limit=10&search=&category=all&location=all&status=all&sortField=name&sortOrder=asc",
      "stack": "ResourceNotFoundError: Route not found with ID: /api/api/admin/resources?page=1&limit=10&search=&category=all&location=all&status=all&sortField=name&sortOrder=asc\n    at notFoundHandler (S:\\flood-disaster-management\\server\\middleware\\errorHandler.js:361:17)\n    at Layer.handle [as handle_request] (S:\\flood-disaster-management\\server\\node_modules\\express\\lib\\router\\layer.js:95:5)\n    at trim_prefix (S:\\flood-disaster-management\\server\\node_modules\\express\\lib\\router\\index.js:328:13)\n    at S:\\flood-disaster-management\\server\\node_modules\\express\\lib\\router\\index.js:286:9\n    at Function.process_params (S:\\flood-disaster-management\\server\\node_modules\\express\\lib\\router\\index.js:346:12)\n    at next (S:\\flood-disaster-management\\server\\node_modules\\express\\lib\\router\\index.js:280:10)\n    at S:\\flood-disaster-management\\server\\node_modules\\express\\lib\\router\\index.js:646:15\n    at next (S:\\flood-disaster-management\\server\\node_modules\\express\\lib\\router\\index.js:265:14)\n    at Function.handle (S:\\flood-disaster-management\\server\\node_modules\\express\\lib\\router\\index.js:175:3)\n    at router (S:\\flood-disaster-management\\server\\node_modules\\express\\lib\\router\\index.js:47:12)",
      "errorCode": "ERR_NOT_FOUND"
    }
  }
}
2025-10-05T09:34:36.392Z [info]: ::1 - - [05/Oct/2025:09:34:36 +0000] "GET /api/api/admin/resources?page=1&limit=10&search=&category=all&location=all&status=all&sortField=name&sortOrder=asc HTTP/1.1" 404 287 "http://localhost:5173/" "Mozilla/5.0 (Windows NT 10.0; Win64; x64) AppleWebKit/537.36 (KHTML, like Gecko) Chrome/131.0.0.0 Safari/537.36"
{
  "metadata": {
    "service": "Aqua Assists-api",
    "hostname": "Sandip_10",
    "environment": "development"
  }
}
2025-10-05T09:34:37.465Z [error]: Route not found with ID: /api/api/admin/resources?page=1&limit=10&search=&category=all&location=all&status=all&sortField=name&sortOrder=asc [b05ccc2f-b258-4229-8a34-b7a8047765af]
{
  "metadata": {
    "service": "Aqua Assists-api",
    "hostname": "Sandip_10",
    "environment": "development",
    "correlationId": "b05ccc2f-b258-4229-8a34-b7a8047765af",
    "url": "/api/api/admin/resources?page=1&limit=10&search=&category=all&location=all&status=all&sortField=name&sortOrder=asc",
    "method": "GET",
    "ip": "::1",
    "userAgent": "Mozilla/5.0 (Windows NT 10.0; Win64; x64) AppleWebKit/537.36 (KHTML, like Gecko) Chrome/131.0.0.0 Safari/537.36",
    "userId": "anonymous",
    "requestQuery": {
      "page": "1",
      "limit": "10",
      "search": "",
      "category": "all",
      "location": "all",
      "status": "all",
      "sortField": "name",
      "sortOrder": "asc"
    },
    "error": {
      "name": "ResourceNotFoundError",
      "message": "Route not found with ID: /api/api/admin/resources?page=1&limit=10&search=&category=all&location=all&status=all&sortField=name&sortOrder=asc",
      "stack": "ResourceNotFoundError: Route not found with ID: /api/api/admin/resources?page=1&limit=10&search=&category=all&location=all&status=all&sortField=name&sortOrder=asc\n    at notFoundHandler (S:\\flood-disaster-management\\server\\middleware\\errorHandler.js:361:17)\n    at Layer.handle [as handle_request] (S:\\flood-disaster-management\\server\\node_modules\\express\\lib\\router\\layer.js:95:5)\n    at trim_prefix (S:\\flood-disaster-management\\server\\node_modules\\express\\lib\\router\\index.js:328:13)\n    at S:\\flood-disaster-management\\server\\node_modules\\express\\lib\\router\\index.js:286:9\n    at Function.process_params (S:\\flood-disaster-management\\server\\node_modules\\express\\lib\\router\\index.js:346:12)\n    at next (S:\\flood-disaster-management\\server\\node_modules\\express\\lib\\router\\index.js:280:10)\n    at S:\\flood-disaster-management\\server\\node_modules\\express\\lib\\router\\index.js:646:15\n    at next (S:\\flood-disaster-management\\server\\node_modules\\express\\lib\\router\\index.js:265:14)\n    at Function.handle (S:\\flood-disaster-management\\server\\node_modules\\express\\lib\\router\\index.js:175:3)\n    at router (S:\\flood-disaster-management\\server\\node_modules\\express\\lib\\router\\index.js:47:12)",
      "errorCode": "ERR_NOT_FOUND"
    }
  }
}
2025-10-05T09:34:37.468Z [info]: ::1 - - [05/Oct/2025:09:34:37 +0000] "GET /api/api/admin/resources?page=1&limit=10&search=&category=all&location=all&status=all&sortField=name&sortOrder=asc HTTP/1.1" 404 287 "http://localhost:5173/" "Mozilla/5.0 (Windows NT 10.0; Win64; x64) AppleWebKit/537.36 (KHTML, like Gecko) Chrome/131.0.0.0 Safari/537.36"
{
  "metadata": {
    "service": "Aqua Assists-api",
    "hostname": "Sandip_10",
    "environment": "development"
  }
}
2025-10-05T09:34:38.363Z [info]: ::1 - - [05/Oct/2025:09:34:38 +0000] "GET /api/flood-reports/admin? HTTP/1.1" 304 - "http://localhost:5173/" "Mozilla/5.0 (Windows NT 10.0; Win64; x64) AppleWebKit/537.36 (KHTML, like Gecko) Chrome/131.0.0.0 Safari/537.36"
{
  "metadata": {
    "service": "Aqua Assists-api",
    "hostname": "Sandip_10",
    "environment": "development"
  }
}
2025-10-05T09:35:11.721Z [error]: Route not found with ID: /api/api/financial-aid?page=1&limit=10&sortField=createdAt&sortOrder=desc [96264328-4efd-4900-be88-4626b2e643f9]
{
  "metadata": {
    "service": "Aqua Assists-api",
    "hostname": "Sandip_10",
    "environment": "development",
    "correlationId": "96264328-4efd-4900-be88-4626b2e643f9",
    "url": "/api/api/financial-aid?page=1&limit=10&sortField=createdAt&sortOrder=desc",
    "method": "GET",
    "ip": "::1",
    "userAgent": "Mozilla/5.0 (Windows NT 10.0; Win64; x64) AppleWebKit/537.36 (KHTML, like Gecko) Chrome/131.0.0.0 Safari/537.36",
    "userId": "anonymous",
    "requestQuery": {
      "page": "1",
      "limit": "10",
      "sortField": "createdAt",
      "sortOrder": "desc"
    },
    "error": {
      "name": "ResourceNotFoundError",
      "message": "Route not found with ID: /api/api/financial-aid?page=1&limit=10&sortField=createdAt&sortOrder=desc",
      "stack": "ResourceNotFoundError: Route not found with ID: /api/api/financial-aid?page=1&limit=10&sortField=createdAt&sortOrder=desc\n    at notFoundHandler (S:\\flood-disaster-management\\server\\middleware\\errorHandler.js:361:17)\n    at Layer.handle [as handle_request] (S:\\flood-disaster-management\\server\\node_modules\\express\\lib\\router\\layer.js:95:5)\n    at trim_prefix (S:\\flood-disaster-management\\server\\node_modules\\express\\lib\\router\\index.js:328:13)\n    at S:\\flood-disaster-management\\server\\node_modules\\express\\lib\\router\\index.js:286:9\n    at Function.process_params (S:\\flood-disaster-management\\server\\node_modules\\express\\lib\\router\\index.js:346:12)\n    at next (S:\\flood-disaster-management\\server\\node_modules\\express\\lib\\router\\index.js:280:10)\n    at S:\\flood-disaster-management\\server\\node_modules\\express\\lib\\router\\index.js:646:15\n    at next (S:\\flood-disaster-management\\server\\node_modules\\express\\lib\\router\\index.js:265:14)\n    at Function.handle (S:\\flood-disaster-management\\server\\node_modules\\express\\lib\\router\\index.js:175:3)\n    at router (S:\\flood-disaster-management\\server\\node_modules\\express\\lib\\router\\index.js:47:12)",
      "errorCode": "ERR_NOT_FOUND"
    }
  }
}
2025-10-05T09:35:11.726Z [info]: ::1 - - [05/Oct/2025:09:35:11 +0000] "GET /api/api/financial-aid?page=1&limit=10&sortField=createdAt&sortOrder=desc HTTP/1.1" 404 246 "http://localhost:5173/" "Mozilla/5.0 (Windows NT 10.0; Win64; x64) AppleWebKit/537.36 (KHTML, like Gecko) Chrome/131.0.0.0 Safari/537.36"
{
  "metadata": {
    "service": "Aqua Assists-api",
    "hostname": "Sandip_10",
    "environment": "development"
  }
}
2025-10-05T09:35:12.740Z [error]: Route not found with ID: /api/api/financial-aid?page=1&limit=10&sortField=createdAt&sortOrder=desc [f967db02-5f0b-47af-82e8-331bfeebe031]
{
  "metadata": {
    "service": "Aqua Assists-api",
    "hostname": "Sandip_10",
    "environment": "development",
    "correlationId": "f967db02-5f0b-47af-82e8-331bfeebe031",
    "url": "/api/api/financial-aid?page=1&limit=10&sortField=createdAt&sortOrder=desc",
    "method": "GET",
    "ip": "::1",
    "userAgent": "Mozilla/5.0 (Windows NT 10.0; Win64; x64) AppleWebKit/537.36 (KHTML, like Gecko) Chrome/131.0.0.0 Safari/537.36",
    "userId": "anonymous",
    "requestQuery": {
      "page": "1",
      "limit": "10",
      "sortField": "createdAt",
      "sortOrder": "desc"
    },
    "error": {
      "name": "ResourceNotFoundError",
      "message": "Route not found with ID: /api/api/financial-aid?page=1&limit=10&sortField=createdAt&sortOrder=desc",
      "stack": "ResourceNotFoundError: Route not found with ID: /api/api/financial-aid?page=1&limit=10&sortField=createdAt&sortOrder=desc\n    at notFoundHandler (S:\\flood-disaster-management\\server\\middleware\\errorHandler.js:361:17)\n    at Layer.handle [as handle_request] (S:\\flood-disaster-management\\server\\node_modules\\express\\lib\\router\\layer.js:95:5)\n    at trim_prefix (S:\\flood-disaster-management\\server\\node_modules\\express\\lib\\router\\index.js:328:13)\n    at S:\\flood-disaster-management\\server\\node_modules\\express\\lib\\router\\index.js:286:9\n    at Function.process_params (S:\\flood-disaster-management\\server\\node_modules\\express\\lib\\router\\index.js:346:12)\n    at next (S:\\flood-disaster-management\\server\\node_modules\\express\\lib\\router\\index.js:280:10)\n    at S:\\flood-disaster-management\\server\\node_modules\\express\\lib\\router\\index.js:646:15\n    at next (S:\\flood-disaster-management\\server\\node_modules\\express\\lib\\router\\index.js:265:14)\n    at Function.handle (S:\\flood-disaster-management\\server\\node_modules\\express\\lib\\router\\index.js:175:3)\n    at router (S:\\flood-disaster-management\\server\\node_modules\\express\\lib\\router\\index.js:47:12)",
      "errorCode": "ERR_NOT_FOUND"
    }
  }
}
2025-10-05T09:35:12.748Z [info]: ::1 - - [05/Oct/2025:09:35:12 +0000] "GET /api/api/financial-aid?page=1&limit=10&sortField=createdAt&sortOrder=desc HTTP/1.1" 404 246 "http://localhost:5173/" "Mozilla/5.0 (Windows NT 10.0; Win64; x64) AppleWebKit/537.36 (KHTML, like Gecko) Chrome/131.0.0.0 Safari/537.36"
{
  "metadata": {
    "service": "Aqua Assists-api",
    "hostname": "Sandip_10",
    "environment": "development"
  }
}
2025-10-05T09:35:14.760Z [error]: Route not found with ID: /api/api/financial-aid?page=1&limit=10&sortField=createdAt&sortOrder=desc [7cd9d44d-2d4d-4438-ba99-5cfef0ee7a1e]
{
  "metadata": {
    "service": "Aqua Assists-api",
    "hostname": "Sandip_10",
    "environment": "development",
    "correlationId": "7cd9d44d-2d4d-4438-ba99-5cfef0ee7a1e",
    "url": "/api/api/financial-aid?page=1&limit=10&sortField=createdAt&sortOrder=desc",
    "method": "GET",
    "ip": "::1",
    "userAgent": "Mozilla/5.0 (Windows NT 10.0; Win64; x64) AppleWebKit/537.36 (KHTML, like Gecko) Chrome/131.0.0.0 Safari/537.36",
    "userId": "anonymous",
    "requestQuery": {
      "page": "1",
      "limit": "10",
      "sortField": "createdAt",
      "sortOrder": "desc"
    },
    "error": {
      "name": "ResourceNotFoundError",
      "message": "Route not found with ID: /api/api/financial-aid?page=1&limit=10&sortField=createdAt&sortOrder=desc",
      "stack": "ResourceNotFoundError: Route not found with ID: /api/api/financial-aid?page=1&limit=10&sortField=createdAt&sortOrder=desc\n    at notFoundHandler (S:\\flood-disaster-management\\server\\middleware\\errorHandler.js:361:17)\n    at Layer.handle [as handle_request] (S:\\flood-disaster-management\\server\\node_modules\\express\\lib\\router\\layer.js:95:5)\n    at trim_prefix (S:\\flood-disaster-management\\server\\node_modules\\express\\lib\\router\\index.js:328:13)\n    at S:\\flood-disaster-management\\server\\node_modules\\express\\lib\\router\\index.js:286:9\n    at Function.process_params (S:\\flood-disaster-management\\server\\node_modules\\express\\lib\\router\\index.js:346:12)\n    at next (S:\\flood-disaster-management\\server\\node_modules\\express\\lib\\router\\index.js:280:10)\n    at S:\\flood-disaster-management\\server\\node_modules\\express\\lib\\router\\index.js:646:15\n    at next (S:\\flood-disaster-management\\server\\node_modules\\express\\lib\\router\\index.js:265:14)\n    at Function.handle (S:\\flood-disaster-management\\server\\node_modules\\express\\lib\\router\\index.js:175:3)\n    at router (S:\\flood-disaster-management\\server\\node_modules\\express\\lib\\router\\index.js:47:12)",
      "errorCode": "ERR_NOT_FOUND"
    }
  }
}
2025-10-05T09:35:14.770Z [info]: ::1 - - [05/Oct/2025:09:35:14 +0000] "GET /api/api/financial-aid?page=1&limit=10&sortField=createdAt&sortOrder=desc HTTP/1.1" 404 246 "http://localhost:5173/" "Mozilla/5.0 (Windows NT 10.0; Win64; x64) AppleWebKit/537.36 (KHTML, like Gecko) Chrome/131.0.0.0 Safari/537.36"
{
  "metadata": {
    "service": "Aqua Assists-api",
    "hostname": "Sandip_10",
    "environment": "development"
  }
}
2025-10-05T09:35:18.800Z [info]: ::1 - - [05/Oct/2025:09:35:18 +0000] "GET /api/verification/statistics HTTP/1.1" 304 - "http://localhost:5173/" "Mozilla/5.0 (Windows NT 10.0; Win64; x64) AppleWebKit/537.36 (KHTML, like Gecko) Chrome/131.0.0.0 Safari/537.36"
{
  "metadata": {
    "service": "Aqua Assists-api",
    "hostname": "Sandip_10",
    "environment": "development"
  }
}
2025-10-05T09:35:19.139Z [info]: ::1 - - [05/Oct/2025:09:35:19 +0000] "GET /api/flood-reports/admin?status=pending&limit=10 HTTP/1.1" 304 - "http://localhost:5173/" "Mozilla/5.0 (Windows NT 10.0; Win64; x64) AppleWebKit/537.36 (KHTML, like Gecko) Chrome/131.0.0.0 Safari/537.36"
{
  "metadata": {
    "service": "Aqua Assists-api",
    "hostname": "Sandip_10",
    "environment": "development"
  }
}
2025-10-05T09:35:22.481Z [error]: Route not found with ID: /api/api/financial-aid?page=1&limit=10&sortField=createdAt&sortOrder=desc [1a07384a-c720-416f-a352-1575ea5c9590]
{
  "metadata": {
    "service": "Aqua Assists-api",
    "hostname": "Sandip_10",
    "environment": "development",
    "correlationId": "1a07384a-c720-416f-a352-1575ea5c9590",
    "url": "/api/api/financial-aid?page=1&limit=10&sortField=createdAt&sortOrder=desc",
    "method": "GET",
    "ip": "::1",
    "userAgent": "Mozilla/5.0 (Windows NT 10.0; Win64; x64) AppleWebKit/537.36 (KHTML, like Gecko) Chrome/131.0.0.0 Safari/537.36",
    "userId": "anonymous",
    "requestQuery": {
      "page": "1",
      "limit": "10",
      "sortField": "createdAt",
      "sortOrder": "desc"
    },
    "error": {
      "name": "ResourceNotFoundError",
      "message": "Route not found with ID: /api/api/financial-aid?page=1&limit=10&sortField=createdAt&sortOrder=desc",
      "stack": "ResourceNotFoundError: Route not found with ID: /api/api/financial-aid?page=1&limit=10&sortField=createdAt&sortOrder=desc\n    at notFoundHandler (S:\\flood-disaster-management\\server\\middleware\\errorHandler.js:361:17)\n    at Layer.handle [as handle_request] (S:\\flood-disaster-management\\server\\node_modules\\express\\lib\\router\\layer.js:95:5)\n    at trim_prefix (S:\\flood-disaster-management\\server\\node_modules\\express\\lib\\router\\index.js:328:13)\n    at S:\\flood-disaster-management\\server\\node_modules\\express\\lib\\router\\index.js:286:9\n    at Function.process_params (S:\\flood-disaster-management\\server\\node_modules\\express\\lib\\router\\index.js:346:12)\n    at next (S:\\flood-disaster-management\\server\\node_modules\\express\\lib\\router\\index.js:280:10)\n    at S:\\flood-disaster-management\\server\\node_modules\\express\\lib\\router\\index.js:646:15\n    at next (S:\\flood-disaster-management\\server\\node_modules\\express\\lib\\router\\index.js:265:14)\n    at Function.handle (S:\\flood-disaster-management\\server\\node_modules\\express\\lib\\router\\index.js:175:3)\n    at router (S:\\flood-disaster-management\\server\\node_modules\\express\\lib\\router\\index.js:47:12)",
      "errorCode": "ERR_NOT_FOUND"
    }
  }
}
2025-10-05T09:35:22.487Z [info]: ::1 - - [05/Oct/2025:09:35:22 +0000] "GET /api/api/financial-aid?page=1&limit=10&sortField=createdAt&sortOrder=desc HTTP/1.1" 404 246 "http://localhost:5173/" "Mozilla/5.0 (Windows NT 10.0; Win64; x64) AppleWebKit/537.36 (KHTML, like Gecko) Chrome/131.0.0.0 Safari/537.36"
{
  "metadata": {
    "service": "Aqua Assists-api",
    "hostname": "Sandip_10",
    "environment": "development"
  }
}
2025-10-05T09:35:23.500Z [error]: Route not found with ID: /api/api/financial-aid?page=1&limit=10&sortField=createdAt&sortOrder=desc [13f6fd13-068f-45de-93ee-795f08be6438]
{
  "metadata": {
    "service": "Aqua Assists-api",
    "hostname": "Sandip_10",
    "environment": "development",
    "correlationId": "13f6fd13-068f-45de-93ee-795f08be6438",
    "url": "/api/api/financial-aid?page=1&limit=10&sortField=createdAt&sortOrder=desc",
    "method": "GET",
    "ip": "::1",
    "userAgent": "Mozilla/5.0 (Windows NT 10.0; Win64; x64) AppleWebKit/537.36 (KHTML, like Gecko) Chrome/131.0.0.0 Safari/537.36",
    "userId": "anonymous",
    "requestQuery": {
      "page": "1",
      "limit": "10",
      "sortField": "createdAt",
      "sortOrder": "desc"
    },
    "error": {
      "name": "ResourceNotFoundError",
      "message": "Route not found with ID: /api/api/financial-aid?page=1&limit=10&sortField=createdAt&sortOrder=desc",
      "stack": "ResourceNotFoundError: Route not found with ID: /api/api/financial-aid?page=1&limit=10&sortField=createdAt&sortOrder=desc\n    at notFoundHandler (S:\\flood-disaster-management\\server\\middleware\\errorHandler.js:361:17)\n    at Layer.handle [as handle_request] (S:\\flood-disaster-management\\server\\node_modules\\express\\lib\\router\\layer.js:95:5)\n    at trim_prefix (S:\\flood-disaster-management\\server\\node_modules\\express\\lib\\router\\index.js:328:13)\n    at S:\\flood-disaster-management\\server\\node_modules\\express\\lib\\router\\index.js:286:9\n    at Function.process_params (S:\\flood-disaster-management\\server\\node_modules\\express\\lib\\router\\index.js:346:12)\n    at next (S:\\flood-disaster-management\\server\\node_modules\\express\\lib\\router\\index.js:280:10)\n    at S:\\flood-disaster-management\\server\\node_modules\\express\\lib\\router\\index.js:646:15\n    at next (S:\\flood-disaster-management\\server\\node_modules\\express\\lib\\router\\index.js:265:14)\n    at Function.handle (S:\\flood-disaster-management\\server\\node_modules\\express\\lib\\router\\index.js:175:3)\n    at router (S:\\flood-disaster-management\\server\\node_modules\\express\\lib\\router\\index.js:47:12)",
      "errorCode": "ERR_NOT_FOUND"
    }
  }
}
2025-10-05T09:35:23.503Z [info]: ::1 - - [05/Oct/2025:09:35:23 +0000] "GET /api/api/financial-aid?page=1&limit=10&sortField=createdAt&sortOrder=desc HTTP/1.1" 404 246 "http://localhost:5173/" "Mozilla/5.0 (Windows NT 10.0; Win64; x64) AppleWebKit/537.36 (KHTML, like Gecko) Chrome/131.0.0.0 Safari/537.36"
{
  "metadata": {
    "service": "Aqua Assists-api",
    "hostname": "Sandip_10",
    "environment": "development"
  }
}
2025-10-05T09:35:25.524Z [error]: Route not found with ID: /api/api/financial-aid?page=1&limit=10&sortField=createdAt&sortOrder=desc [8d3b2cc2-8c8d-4af7-a2e3-b9f03e8444bd]
{
  "metadata": {
    "service": "Aqua Assists-api",
    "hostname": "Sandip_10",
    "environment": "development",
    "correlationId": "8d3b2cc2-8c8d-4af7-a2e3-b9f03e8444bd",
    "url": "/api/api/financial-aid?page=1&limit=10&sortField=createdAt&sortOrder=desc",
    "method": "GET",
    "ip": "::1",
    "userAgent": "Mozilla/5.0 (Windows NT 10.0; Win64; x64) AppleWebKit/537.36 (KHTML, like Gecko) Chrome/131.0.0.0 Safari/537.36",
    "userId": "anonymous",
    "requestQuery": {
      "page": "1",
      "limit": "10",
      "sortField": "createdAt",
      "sortOrder": "desc"
    },
    "error": {
      "name": "ResourceNotFoundError",
      "message": "Route not found with ID: /api/api/financial-aid?page=1&limit=10&sortField=createdAt&sortOrder=desc",
      "stack": "ResourceNotFoundError: Route not found with ID: /api/api/financial-aid?page=1&limit=10&sortField=createdAt&sortOrder=desc\n    at notFoundHandler (S:\\flood-disaster-management\\server\\middleware\\errorHandler.js:361:17)\n    at Layer.handle [as handle_request] (S:\\flood-disaster-management\\server\\node_modules\\express\\lib\\router\\layer.js:95:5)\n    at trim_prefix (S:\\flood-disaster-management\\server\\node_modules\\express\\lib\\router\\index.js:328:13)\n    at S:\\flood-disaster-management\\server\\node_modules\\express\\lib\\router\\index.js:286:9\n    at Function.process_params (S:\\flood-disaster-management\\server\\node_modules\\express\\lib\\router\\index.js:346:12)\n    at next (S:\\flood-disaster-management\\server\\node_modules\\express\\lib\\router\\index.js:280:10)\n    at S:\\flood-disaster-management\\server\\node_modules\\express\\lib\\router\\index.js:646:15\n    at next (S:\\flood-disaster-management\\server\\node_modules\\express\\lib\\router\\index.js:265:14)\n    at Function.handle (S:\\flood-disaster-management\\server\\node_modules\\express\\lib\\router\\index.js:175:3)\n    at router (S:\\flood-disaster-management\\server\\node_modules\\express\\lib\\router\\index.js:47:12)",
      "errorCode": "ERR_NOT_FOUND"
    }
  }
}
2025-10-05T09:35:25.528Z [info]: ::1 - - [05/Oct/2025:09:35:25 +0000] "GET /api/api/financial-aid?page=1&limit=10&sortField=createdAt&sortOrder=desc HTTP/1.1" 404 246 "http://localhost:5173/" "Mozilla/5.0 (Windows NT 10.0; Win64; x64) AppleWebKit/537.36 (KHTML, like Gecko) Chrome/131.0.0.0 Safari/537.36"
{
  "metadata": {
    "service": "Aqua Assists-api",
    "hostname": "Sandip_10",
    "environment": "development"
  }
}
2025-10-05T09:35:29.552Z [error]: Route not found with ID: /api/api/financial-aid?page=1&limit=10&sortField=createdAt&sortOrder=desc [b580af87-695f-406c-a3be-9b21e9457a82]
{
  "metadata": {
    "service": "Aqua Assists-api",
    "hostname": "Sandip_10",
    "environment": "development",
    "correlationId": "b580af87-695f-406c-a3be-9b21e9457a82",
    "url": "/api/api/financial-aid?page=1&limit=10&sortField=createdAt&sortOrder=desc",
    "method": "GET",
    "ip": "::1",
    "userAgent": "Mozilla/5.0 (Windows NT 10.0; Win64; x64) AppleWebKit/537.36 (KHTML, like Gecko) Chrome/131.0.0.0 Safari/537.36",
    "userId": "anonymous",
    "requestQuery": {
      "page": "1",
      "limit": "10",
      "sortField": "createdAt",
      "sortOrder": "desc"
    },
    "error": {
      "name": "ResourceNotFoundError",
      "message": "Route not found with ID: /api/api/financial-aid?page=1&limit=10&sortField=createdAt&sortOrder=desc",
      "stack": "ResourceNotFoundError: Route not found with ID: /api/api/financial-aid?page=1&limit=10&sortField=createdAt&sortOrder=desc\n    at notFoundHandler (S:\\flood-disaster-management\\server\\middleware\\errorHandler.js:361:17)\n    at Layer.handle [as handle_request] (S:\\flood-disaster-management\\server\\node_modules\\express\\lib\\router\\layer.js:95:5)\n    at trim_prefix (S:\\flood-disaster-management\\server\\node_modules\\express\\lib\\router\\index.js:328:13)\n    at S:\\flood-disaster-management\\server\\node_modules\\express\\lib\\router\\index.js:286:9\n    at Function.process_params (S:\\flood-disaster-management\\server\\node_modules\\express\\lib\\router\\index.js:346:12)\n    at next (S:\\flood-disaster-management\\server\\node_modules\\express\\lib\\router\\index.js:280:10)\n    at S:\\flood-disaster-management\\server\\node_modules\\express\\lib\\router\\index.js:646:15\n    at next (S:\\flood-disaster-management\\server\\node_modules\\express\\lib\\router\\index.js:265:14)\n    at Function.handle (S:\\flood-disaster-management\\server\\node_modules\\express\\lib\\router\\index.js:175:3)\n    at router (S:\\flood-disaster-management\\server\\node_modules\\express\\lib\\router\\index.js:47:12)",
      "errorCode": "ERR_NOT_FOUND"
    }
  }
}
2025-10-05T09:35:29.557Z [info]: ::1 - - [05/Oct/2025:09:35:29 +0000] "GET /api/api/financial-aid?page=1&limit=10&sortField=createdAt&sortOrder=desc HTTP/1.1" 404 246 "http://localhost:5173/" "Mozilla/5.0 (Windows NT 10.0; Win64; x64) AppleWebKit/537.36 (KHTML, like Gecko) Chrome/131.0.0.0 Safari/537.36"
{
  "metadata": {
    "service": "Aqua Assists-api",
    "hostname": "Sandip_10",
    "environment": "development"
  }
}
2025-10-05T09:35:44.014Z [info]: ::1 - - [05/Oct/2025:09:35:44 +0000] "POST /api/auth/login HTTP/1.1" 200 972 "http://localhost:5173/" "Mozilla/5.0 (Windows NT 10.0; Win64; x64) AppleWebKit/537.36 (KHTML, like Gecko) Chrome/131.0.0.0 Safari/537.36"
{
  "metadata": {
    "service": "Aqua Assists-api",
    "hostname": "Sandip_10",
    "environment": "development"
  }
}
2025-10-05T09:35:44.367Z [info]: ::1 - - [05/Oct/2025:09:35:44 +0000] "POST /api/auth/login HTTP/1.1" 200 972 "http://localhost:5173/" "Mozilla/5.0 (Windows NT 10.0; Win64; x64) AppleWebKit/537.36 (KHTML, like Gecko) Chrome/131.0.0.0 Safari/537.36"
{
  "metadata": {
    "service": "Aqua Assists-api",
    "hostname": "Sandip_10",
    "environment": "development"
  }
}
2025-10-05T09:35:44.812Z [info]: ::1 - - [05/Oct/2025:09:35:44 +0000] "GET /api/alerts?status=active HTTP/1.1" 200 68 "http://localhost:5173/" "Mozilla/5.0 (Windows NT 10.0; Win64; x64) AppleWebKit/537.36 (KHTML, like Gecko) Chrome/131.0.0.0 Safari/537.36"
{
  "metadata": {
    "service": "Aqua Assists-api",
    "hostname": "Sandip_10",
    "environment": "development"
  }
}
2025-10-05T09:35:44.897Z [info]: ::1 - - [05/Oct/2025:09:35:44 +0000] "GET /api/alerts?status=active HTTP/1.1" 200 67 "http://localhost:5173/" "Mozilla/5.0 (Windows NT 10.0; Win64; x64) AppleWebKit/537.36 (KHTML, like Gecko) Chrome/131.0.0.0 Safari/537.36"
{
  "metadata": {
    "service": "Aqua Assists-api",
    "hostname": "Sandip_10",
    "environment": "development"
  }
}
2025-10-05T09:35:44.986Z [info]: ::1 - - [05/Oct/2025:09:35:44 +0000] "GET /api/alerts/nearby?status=active&lat=17.6700736&lng=75.9010467&radius=50 HTTP/1.1" 304 - "http://localhost:5173/" "Mozilla/5.0 (Windows NT 10.0; Win64; x64) AppleWebKit/537.36 (KHTML, like Gecko) Chrome/131.0.0.0 Safari/537.36"
{
  "metadata": {
    "service": "Aqua Assists-api",
    "hostname": "Sandip_10",
    "environment": "development"
  }
}
2025-10-05T09:35:45.108Z [info]: ::1 - - [05/Oct/2025:09:35:45 +0000] "GET /api/alerts/nearby?status=active&lat=17.6700736&lng=75.9010467&radius=50 HTTP/1.1" 304 - "http://localhost:5173/" "Mozilla/5.0 (Windows NT 10.0; Win64; x64) AppleWebKit/537.36 (KHTML, like Gecko) Chrome/131.0.0.0 Safari/537.36"
{
  "metadata": {
    "service": "Aqua Assists-api",
    "hostname": "Sandip_10",
    "environment": "development"
  }
}
2025-10-05T09:35:47.868Z [info]: ::1 - - [05/Oct/2025:09:35:47 +0000] "GET /api/alerts?status=active HTTP/1.1" 304 - "http://localhost:5173/" "Mozilla/5.0 (Windows NT 10.0; Win64; x64) AppleWebKit/537.36 (KHTML, like Gecko) Chrome/131.0.0.0 Safari/537.36"
{
  "metadata": {
    "service": "Aqua Assists-api",
    "hostname": "Sandip_10",
    "environment": "development"
  }
}
2025-10-05T09:35:48.013Z [info]: ::1 - - [05/Oct/2025:09:35:48 +0000] "GET /api/alerts/nearby?status=active&lat=17.6700736&lng=75.9010467&radius=50 HTTP/1.1" 304 - "http://localhost:5173/" "Mozilla/5.0 (Windows NT 10.0; Win64; x64) AppleWebKit/537.36 (KHTML, like Gecko) Chrome/131.0.0.0 Safari/537.36"
{
  "metadata": {
    "service": "Aqua Assists-api",
    "hostname": "Sandip_10",
    "environment": "development"
  }
}
2025-10-05T09:35:48.430Z [info]: ::1 - - [05/Oct/2025:09:35:48 +0000] "GET /api/alerts?status=active HTTP/1.1" 304 - "http://localhost:5173/" "Mozilla/5.0 (Windows NT 10.0; Win64; x64) AppleWebKit/537.36 (KHTML, like Gecko) Chrome/131.0.0.0 Safari/537.36"
{
  "metadata": {
    "service": "Aqua Assists-api",
    "hostname": "Sandip_10",
    "environment": "development"
  }
}
2025-10-05T09:35:48.589Z [info]: ::1 - - [05/Oct/2025:09:35:48 +0000] "GET /api/alerts/nearby?status=active&lat=17.6700736&lng=75.9010467&radius=50 HTTP/1.1" 304 - "http://localhost:5173/" "Mozilla/5.0 (Windows NT 10.0; Win64; x64) AppleWebKit/537.36 (KHTML, like Gecko) Chrome/131.0.0.0 Safari/537.36"
{
  "metadata": {
    "service": "Aqua Assists-api",
    "hostname": "Sandip_10",
    "environment": "development"
  }
}
2025-10-05T09:35:56.589Z [info]: ::1 - - [05/Oct/2025:09:35:56 +0000] "GET /api/alerts?status=active HTTP/1.1" 304 - "http://localhost:5173/" "Mozilla/5.0 (Windows NT 10.0; Win64; x64) AppleWebKit/537.36 (KHTML, like Gecko) Chrome/131.0.0.0 Safari/537.36"
{
  "metadata": {
    "service": "Aqua Assists-api",
    "hostname": "Sandip_10",
    "environment": "development"
  }
}
2025-10-05T09:35:57.043Z [info]: ::1 - - [05/Oct/2025:09:35:57 +0000] "GET /api/emergency/contacts HTTP/1.1" 304 - "http://localhost:5173/" "Mozilla/5.0 (Windows NT 10.0; Win64; x64) AppleWebKit/537.36 (KHTML, like Gecko) Chrome/131.0.0.0 Safari/537.36"
{
  "metadata": {
    "service": "Aqua Assists-api",
    "hostname": "Sandip_10",
    "environment": "development"
  }
}
2025-10-05T09:35:57.156Z [info]: ::1 - - [05/Oct/2025:09:35:57 +0000] "GET /api/alerts/active HTTP/1.1" 200 68 "http://localhost:5173/" "Mozilla/5.0 (Windows NT 10.0; Win64; x64) AppleWebKit/537.36 (KHTML, like Gecko) Chrome/131.0.0.0 Safari/537.36"
{
  "metadata": {
    "service": "Aqua Assists-api",
    "hostname": "Sandip_10",
    "environment": "development"
  }
}
2025-10-05T09:35:57.213Z [info]: ::1 - - [05/Oct/2025:09:35:57 +0000] "GET /api/alerts/nearby?status=active&lat=17.6700736&lng=75.9010467&radius=50 HTTP/1.1" 304 - "http://localhost:5173/" "Mozilla/5.0 (Windows NT 10.0; Win64; x64) AppleWebKit/537.36 (KHTML, like Gecko) Chrome/131.0.0.0 Safari/537.36"
{
  "metadata": {
    "service": "Aqua Assists-api",
    "hostname": "Sandip_10",
    "environment": "development"
  }
}
2025-10-05T09:35:57.339Z [info]: ::1 - - [05/Oct/2025:09:35:57 +0000] "GET /api/weather/forecast?lat=20.5937&lon=78.9629 HTTP/1.1" 200 723 "http://localhost:5173/" "Mozilla/5.0 (Windows NT 10.0; Win64; x64) AppleWebKit/537.36 (KHTML, like Gecko) Chrome/131.0.0.0 Safari/537.36"
{
  "metadata": {
    "service": "Aqua Assists-api",
    "hostname": "Sandip_10",
    "environment": "development"
  }
}
2025-10-05T09:35:57.626Z [info]: ::1 - - [05/Oct/2025:09:35:57 +0000] "GET /api/alerts?status=active HTTP/1.1" 304 - "http://localhost:5173/" "Mozilla/5.0 (Windows NT 10.0; Win64; x64) AppleWebKit/537.36 (KHTML, like Gecko) Chrome/131.0.0.0 Safari/537.36"
{
  "metadata": {
    "service": "Aqua Assists-api",
    "hostname": "Sandip_10",
    "environment": "development"
  }
}
2025-10-05T09:35:58.370Z [info]: ::1 - - [05/Oct/2025:09:35:58 +0000] "GET /api/alerts/nearby?status=active&lat=17.6700736&lng=75.9010467&radius=50 HTTP/1.1" 304 - "http://localhost:5173/" "Mozilla/5.0 (Windows NT 10.0; Win64; x64) AppleWebKit/537.36 (KHTML, like Gecko) Chrome/131.0.0.0 Safari/537.36"
{
  "metadata": {
    "service": "Aqua Assists-api",
    "hostname": "Sandip_10",
    "environment": "development"
  }
}
2025-10-05T09:36:00.145Z [info]: ::1 - - [05/Oct/2025:09:36:00 +0000] "GET /api/auth/profile HTTP/1.1" 200 571 "http://localhost:5173/" "Mozilla/5.0 (Windows NT 10.0; Win64; x64) AppleWebKit/537.36 (KHTML, like Gecko) Chrome/131.0.0.0 Safari/537.36"
{
  "metadata": {
    "service": "Aqua Assists-api",
    "hostname": "Sandip_10",
    "environment": "development"
  }
}
2025-10-05T09:36:01.250Z [info]: ::1 - - [05/Oct/2025:09:36:01 +0000] "GET /api/emergency/contacts HTTP/1.1" 304 - "http://localhost:5173/" "Mozilla/5.0 (Windows NT 10.0; Win64; x64) AppleWebKit/537.36 (KHTML, like Gecko) Chrome/131.0.0.0 Safari/537.36"
{
  "metadata": {
    "service": "Aqua Assists-api",
    "hostname": "Sandip_10",
    "environment": "development"
  }
}
2025-10-05T09:36:01.296Z [info]: ::1 - - [05/Oct/2025:09:36:01 +0000] "GET /api/alerts?status=active HTTP/1.1" 304 - "http://localhost:5173/" "Mozilla/5.0 (Windows NT 10.0; Win64; x64) AppleWebKit/537.36 (KHTML, like Gecko) Chrome/131.0.0.0 Safari/537.36"
{
  "metadata": {
    "service": "Aqua Assists-api",
    "hostname": "Sandip_10",
    "environment": "development"
  }
}
2025-10-05T09:36:01.440Z [info]: ::1 - - [05/Oct/2025:09:36:01 +0000] "GET /api/notifications HTTP/1.1" 304 - "http://localhost:5173/citizen-dashboard" "Mozilla/5.0 (Windows NT 10.0; Win64; x64) AppleWebKit/537.36 (KHTML, like Gecko) Chrome/131.0.0.0 Safari/537.36"
{
  "metadata": {
    "service": "Aqua Assists-api",
    "hostname": "Sandip_10",
    "environment": "development"
  }
}
2025-10-05T09:36:03.386Z [info]: ::1 - - [05/Oct/2025:09:36:03 +0000] "GET /api/alerts?status=active HTTP/1.1" 304 - "http://localhost:5173/" "Mozilla/5.0 (Windows NT 10.0; Win64; x64) AppleWebKit/537.36 (KHTML, like Gecko) Chrome/131.0.0.0 Safari/537.36"
{
  "metadata": {
    "service": "Aqua Assists-api",
    "hostname": "Sandip_10",
    "environment": "development"
  }
}
2025-10-05T09:36:03.427Z [info]: ::1 - - [05/Oct/2025:09:36:03 +0000] "GET /api/alerts/active HTTP/1.1" 200 67 "http://localhost:5173/" "Mozilla/5.0 (Windows NT 10.0; Win64; x64) AppleWebKit/537.36 (KHTML, like Gecko) Chrome/131.0.0.0 Safari/537.36"
{
  "metadata": {
    "service": "Aqua Assists-api",
    "hostname": "Sandip_10",
    "environment": "development"
  }
}
2025-10-05T09:36:03.512Z [info]: ::1 - - [05/Oct/2025:09:36:03 +0000] "GET /api/alerts/nearby?status=active&lat=17.6700736&lng=75.9010467&radius=50 HTTP/1.1" 304 - "http://localhost:5173/" "Mozilla/5.0 (Windows NT 10.0; Win64; x64) AppleWebKit/537.36 (KHTML, like Gecko) Chrome/131.0.0.0 Safari/537.36"
{
  "metadata": {
    "service": "Aqua Assists-api",
    "hostname": "Sandip_10",
    "environment": "development"
  }
}
2025-10-05T09:36:05.534Z [info]: ::1 - - [05/Oct/2025:09:36:05 +0000] "GET /api/disaster-prone-areas HTTP/1.1" 304 - "http://localhost:5173/" "Mozilla/5.0 (Windows NT 10.0; Win64; x64) AppleWebKit/537.36 (KHTML, like Gecko) Chrome/131.0.0.0 Safari/537.36"
{
  "metadata": {
    "service": "Aqua Assists-api",
    "hostname": "Sandip_10",
    "environment": "development"
  }
}
2025-10-05T09:36:05.663Z [info]: ::1 - - [05/Oct/2025:09:36:05 +0000] "GET /api/alerts/nearby?status=active&lat=17.6700736&lng=75.9010467&radius=50 HTTP/1.1" 304 - "http://localhost:5173/" "Mozilla/5.0 (Windows NT 10.0; Win64; x64) AppleWebKit/537.36 (KHTML, like Gecko) Chrome/131.0.0.0 Safari/537.36"
{
  "metadata": {
    "service": "Aqua Assists-api",
    "hostname": "Sandip_10",
    "environment": "development"
  }
}
2025-10-05T09:36:07.579Z [info]: ::1 - - [05/Oct/2025:09:36:07 +0000] "GET /api/evacuation-centers HTTP/1.1" 304 - "http://localhost:5173/" "Mozilla/5.0 (Windows NT 10.0; Win64; x64) AppleWebKit/537.36 (KHTML, like Gecko) Chrome/131.0.0.0 Safari/537.36"
{
  "metadata": {
    "service": "Aqua Assists-api",
    "hostname": "Sandip_10",
    "environment": "development"
  }
}
2025-10-05T09:36:09.640Z [info]: ::1 - - [05/Oct/2025:09:36:09 +0000] "GET /api/weather/forecast?lat=20.5937&lon=78.9629 HTTP/1.1" 200 723 "http://localhost:5173/" "Mozilla/5.0 (Windows NT 10.0; Win64; x64) AppleWebKit/537.36 (KHTML, like Gecko) Chrome/131.0.0.0 Safari/537.36"
{
  "metadata": {
    "service": "Aqua Assists-api",
    "hostname": "Sandip_10",
    "environment": "development"
  }
}
2025-10-05T09:36:34.033Z [info]: ::1 - - [05/Oct/2025:09:36:34 +0000] "GET /api/notifications HTTP/1.1" 304 - "http://localhost:5173/citizen-dashboard" "Mozilla/5.0 (Windows NT 10.0; Win64; x64) AppleWebKit/537.36 (KHTML, like Gecko) Chrome/131.0.0.0 Safari/537.36"
{
  "metadata": {
    "service": "Aqua Assists-api",
    "hostname": "Sandip_10",
    "environment": "development"
  }
}
2025-10-05T09:37:09.868Z [info]: ::1 - - [05/Oct/2025:09:37:09 +0000] "GET /api/flood-reports?sortBy=newest&limit=20 HTTP/1.1" 304 - "http://localhost:5173/" "Mozilla/5.0 (Windows NT 10.0; Win64; x64) AppleWebKit/537.36 (KHTML, like Gecko) Chrome/131.0.0.0 Safari/537.36"
{
  "metadata": {
    "service": "Aqua Assists-api",
    "hostname": "Sandip_10",
    "environment": "development"
  }
}
2025-10-05T09:37:24.821Z [info]: ::1 - - [05/Oct/2025:09:37:24 +0000] "GET /api/water-issues?district=&state=&issueType=&severity=&status=&verificationStatus=&startDate=&endDate=&sortBy=createdAt&sortOrder=desc&page=1&limit=10 HTTP/1.1" 304 - "http://localhost:5173/" "Mozilla/5.0 (Windows NT 10.0; Win64; x64) AppleWebKit/537.36 (KHTML, like Gecko) Chrome/131.0.0.0 Safari/537.36"
{
  "metadata": {
    "service": "Aqua Assists-api",
    "hostname": "Sandip_10",
    "environment": "development"
  }
}
2025-10-05T09:37:35.163Z [info]: ::1 - - [05/Oct/2025:09:37:35 +0000] "GET /api/alerts?status=active HTTP/1.1" 304 - "http://localhost:5173/" "Mozilla/5.0 (Windows NT 10.0; Win64; x64) AppleWebKit/537.36 (KHTML, like Gecko) Chrome/131.0.0.0 Safari/537.36"
{
  "metadata": {
    "service": "Aqua Assists-api",
    "hostname": "Sandip_10",
    "environment": "development"
  }
}
2025-10-05T09:37:35.454Z [info]: ::1 - - [05/Oct/2025:09:37:35 +0000] "GET /api/alerts/nearby?status=active&radius=50&lat=17.6700736&lng=75.9010467 HTTP/1.1" 304 - "http://localhost:5173/" "Mozilla/5.0 (Windows NT 10.0; Win64; x64) AppleWebKit/537.36 (KHTML, like Gecko) Chrome/131.0.0.0 Safari/537.36"
{
  "metadata": {
    "service": "Aqua Assists-api",
    "hostname": "Sandip_10",
    "environment": "development"
  }
}
2025-10-05T09:37:38.644Z [info]: ::1 - - [05/Oct/2025:09:37:38 +0000] "GET /api/alerts/nearby?status=active&lat=17.6700736&lng=75.9010467&radius=50 HTTP/1.1" 304 - "http://localhost:5173/" "Mozilla/5.0 (Windows NT 10.0; Win64; x64) AppleWebKit/537.36 (KHTML, like Gecko) Chrome/131.0.0.0 Safari/537.36"
{
  "metadata": {
    "service": "Aqua Assists-api",
    "hostname": "Sandip_10",
    "environment": "development"
  }
}
2025-10-05T09:37:42.011Z [info]: ::1 - - [05/Oct/2025:09:37:42 +0000] "GET /api/alerts?status=active HTTP/1.1" 304 - "http://localhost:5173/" "Mozilla/5.0 (Windows NT 10.0; Win64; x64) AppleWebKit/537.36 (KHTML, like Gecko) Chrome/131.0.0.0 Safari/537.36"
{
  "metadata": {
    "service": "Aqua Assists-api",
    "hostname": "Sandip_10",
    "environment": "development"
  }
}
2025-10-05T09:37:42.114Z [info]: ::1 - - [05/Oct/2025:09:37:42 +0000] "GET /api/alerts/nearby?status=active&radius=50&lat=17.6700736&lng=75.9010467 HTTP/1.1" 304 - "http://localhost:5173/" "Mozilla/5.0 (Windows NT 10.0; Win64; x64) AppleWebKit/537.36 (KHTML, like Gecko) Chrome/131.0.0.0 Safari/537.36"
{
  "metadata": {
    "service": "Aqua Assists-api",
    "hostname": "Sandip_10",
    "environment": "development"
  }
}
2025-10-05T09:37:43.657Z [info]: ::1 - - [05/Oct/2025:09:37:43 +0000] "GET /api/auth/profile HTTP/1.1" 304 - "http://localhost:5173/" "Mozilla/5.0 (Windows NT 10.0; Win64; x64) AppleWebKit/537.36 (KHTML, like Gecko) Chrome/131.0.0.0 Safari/537.36"
{
  "metadata": {
    "service": "Aqua Assists-api",
    "hostname": "Sandip_10",
    "environment": "development"
  }
}
2025-10-05T09:37:45.710Z [info]: ::1 - - [05/Oct/2025:09:37:45 +0000] "GET /api/alerts/nearby?status=active&lat=17.6700736&lng=75.9010467&radius=50 HTTP/1.1" 304 - "http://localhost:5173/" "Mozilla/5.0 (Windows NT 10.0; Win64; x64) AppleWebKit/537.36 (KHTML, like Gecko) Chrome/131.0.0.0 Safari/537.36"
{
  "metadata": {
    "service": "Aqua Assists-api",
    "hostname": "Sandip_10",
    "environment": "development"
  }
}
2025-10-05T09:37:50.590Z [info]: ::1 - - [05/Oct/2025:09:37:50 +0000] "GET /api/water-issues?district=&state=&issueType=&severity=&status=&verificationStatus=&startDate=&endDate=&sortBy=createdAt&sortOrder=desc&page=1&limit=10 HTTP/1.1" 304 - "http://localhost:5173/" "Mozilla/5.0 (Windows NT 10.0; Win64; x64) AppleWebKit/537.36 (KHTML, like Gecko) Chrome/131.0.0.0 Safari/537.36"
{
  "metadata": {
    "service": "Aqua Assists-api",
    "hostname": "Sandip_10",
    "environment": "development"
  }
}
2025-10-05T09:37:55.514Z [info]: ::1 - - [05/Oct/2025:09:37:55 +0000] "GET /api/water-issues/report HTTP/1.1" 400 59 "http://localhost:5173/" "Mozilla/5.0 (Windows NT 10.0; Win64; x64) AppleWebKit/537.36 (KHTML, like Gecko) Chrome/131.0.0.0 Safari/537.36"
{
  "metadata": {
    "service": "Aqua Assists-api",
    "hostname": "Sandip_10",
    "environment": "development"
  }
}
2025-10-05T09:38:01.883Z [info]: ::1 - - [05/Oct/2025:09:38:01 +0000] "GET /api/water-issues?district=&state=&issueType=&severity=&status=&verificationStatus=&startDate=&endDate=&sortBy=createdAt&sortOrder=desc&page=1&limit=10 HTTP/1.1" 304 - "http://localhost:5173/" "Mozilla/5.0 (Windows NT 10.0; Win64; x64) AppleWebKit/537.36 (KHTML, like Gecko) Chrome/131.0.0.0 Safari/537.36"
{
  "metadata": {
    "service": "Aqua Assists-api",
    "hostname": "Sandip_10",
    "environment": "development"
  }
}
2025-10-05T09:38:07.625Z [info]: ::1 - - [05/Oct/2025:09:38:07 +0000] "GET /api/alerts?status=active HTTP/1.1" 200 69 "http://localhost:5173/" "Mozilla/5.0 (Windows NT 10.0; Win64; x64) AppleWebKit/537.36 (KHTML, like Gecko) Chrome/131.0.0.0 Safari/537.36"
{
  "metadata": {
    "service": "Aqua Assists-api",
    "hostname": "Sandip_10",
    "environment": "development"
  }
}
2025-10-05T09:38:10.752Z [info]: ::1 - - [05/Oct/2025:09:38:10 +0000] "GET /api/alerts?status=active HTTP/1.1" 200 68 "http://localhost:5173/" "Mozilla/5.0 (Windows NT 10.0; Win64; x64) AppleWebKit/537.36 (KHTML, like Gecko) Chrome/131.0.0.0 Safari/537.36"
{
  "metadata": {
    "service": "Aqua Assists-api",
    "hostname": "Sandip_10",
    "environment": "development"
  }
}
2025-10-05T09:38:10.870Z [info]: ::1 - - [05/Oct/2025:09:38:10 +0000] "GET /api/alerts/nearby?status=active&lat=17.6700736&lng=75.9010467&radius=50 HTTP/1.1" 304 - "http://localhost:5173/" "Mozilla/5.0 (Windows NT 10.0; Win64; x64) AppleWebKit/537.36 (KHTML, like Gecko) Chrome/131.0.0.0 Safari/537.36"
{
  "metadata": {
    "service": "Aqua Assists-api",
    "hostname": "Sandip_10",
    "environment": "development"
  }
}
2025-10-05T09:38:14.280Z [info]: ::1 - - [05/Oct/2025:09:38:14 +0000] "GET /api/alerts/nearby?status=active&lat=17.6700736&lng=75.9010467&radius=50 HTTP/1.1" 304 - "http://localhost:5173/" "Mozilla/5.0 (Windows NT 10.0; Win64; x64) AppleWebKit/537.36 (KHTML, like Gecko) Chrome/131.0.0.0 Safari/537.36"
{
  "metadata": {
    "service": "Aqua Assists-api",
    "hostname": "Sandip_10",
    "environment": "development"
  }
}
2025-10-05T09:38:18.890Z [info]: ::1 - - [05/Oct/2025:09:38:18 +0000] "GET /api/auth/profile HTTP/1.1" 200 571 "http://localhost:5173/" "Mozilla/5.0 (Windows NT 10.0; Win64; x64) AppleWebKit/537.36 (KHTML, like Gecko) Chrome/131.0.0.0 Safari/537.36"
{
  "metadata": {
    "service": "Aqua Assists-api",
    "hostname": "Sandip_10",
    "environment": "development"
  }
}
2025-10-05T09:38:22.023Z [info]: ::1 - - [05/Oct/2025:09:38:22 +0000] "GET /api/emergency/contacts HTTP/1.1" 304 - "http://localhost:5173/" "Mozilla/5.0 (Windows NT 10.0; Win64; x64) AppleWebKit/537.36 (KHTML, like Gecko) Chrome/131.0.0.0 Safari/537.36"
{
  "metadata": {
    "service": "Aqua Assists-api",
    "hostname": "Sandip_10",
    "environment": "development"
  }
}
2025-10-05T09:38:23.200Z [info]: ::1 - - [05/Oct/2025:09:38:23 +0000] "GET /api/alerts?status=active HTTP/1.1" 304 - "http://localhost:5173/" "Mozilla/5.0 (Windows NT 10.0; Win64; x64) AppleWebKit/537.36 (KHTML, like Gecko) Chrome/131.0.0.0 Safari/537.36"
{
  "metadata": {
    "service": "Aqua Assists-api",
    "hostname": "Sandip_10",
    "environment": "development"
  }
}
2025-10-05T09:38:23.600Z [info]: ::1 - - [05/Oct/2025:09:38:23 +0000] "GET /api/notifications HTTP/1.1" 304 - "http://localhost:5173/citizen-dashboard" "Mozilla/5.0 (Windows NT 10.0; Win64; x64) AppleWebKit/537.36 (KHTML, like Gecko) Chrome/131.0.0.0 Safari/537.36"
{
  "metadata": {
    "service": "Aqua Assists-api",
    "hostname": "Sandip_10",
    "environment": "development"
  }
}
2025-10-05T09:38:25.158Z [info]: ::1 - - [05/Oct/2025:09:38:25 +0000] "GET /api/alerts/active HTTP/1.1" 200 68 "http://localhost:5173/" "Mozilla/5.0 (Windows NT 10.0; Win64; x64) AppleWebKit/537.36 (KHTML, like Gecko) Chrome/131.0.0.0 Safari/537.36"
{
  "metadata": {
    "service": "Aqua Assists-api",
    "hostname": "Sandip_10",
    "environment": "development"
  }
}
2025-10-05T09:38:26.470Z [info]: ::1 - - [05/Oct/2025:09:38:26 +0000] "GET /api/alerts?status=active HTTP/1.1" 304 - "http://localhost:5173/" "Mozilla/5.0 (Windows NT 10.0; Win64; x64) AppleWebKit/537.36 (KHTML, like Gecko) Chrome/131.0.0.0 Safari/537.36"
{
  "metadata": {
    "service": "Aqua Assists-api",
    "hostname": "Sandip_10",
    "environment": "development"
  }
}
2025-10-05T09:38:26.544Z [info]: ::1 - - [05/Oct/2025:09:38:26 +0000] "GET /api/alerts/nearby?status=active&lat=17.6700736&lng=75.9010467&radius=50 HTTP/1.1" 304 - "http://localhost:5173/" "Mozilla/5.0 (Windows NT 10.0; Win64; x64) AppleWebKit/537.36 (KHTML, like Gecko) Chrome/131.0.0.0 Safari/537.36"
{
  "metadata": {
    "service": "Aqua Assists-api",
    "hostname": "Sandip_10",
    "environment": "development"
  }
}
2025-10-05T09:38:28.210Z [info]: ::1 - - [05/Oct/2025:09:38:28 +0000] "GET /api/disaster-prone-areas HTTP/1.1" 304 - "http://localhost:5173/" "Mozilla/5.0 (Windows NT 10.0; Win64; x64) AppleWebKit/537.36 (KHTML, like Gecko) Chrome/131.0.0.0 Safari/537.36"
{
  "metadata": {
    "service": "Aqua Assists-api",
    "hostname": "Sandip_10",
    "environment": "development"
  }
}
2025-10-05T09:38:29.733Z [info]: ::1 - - [05/Oct/2025:09:38:29 +0000] "GET /api/alerts/nearby?status=active&lat=17.6700736&lng=75.9010467&radius=50 HTTP/1.1" 304 - "http://localhost:5173/" "Mozilla/5.0 (Windows NT 10.0; Win64; x64) AppleWebKit/537.36 (KHTML, like Gecko) Chrome/131.0.0.0 Safari/537.36"
{
  "metadata": {
    "service": "Aqua Assists-api",
    "hostname": "Sandip_10",
    "environment": "development"
  }
}
2025-10-05T09:38:31.256Z [info]: ::1 - - [05/Oct/2025:09:38:31 +0000] "GET /api/evacuation-centers HTTP/1.1" 304 - "http://localhost:5173/" "Mozilla/5.0 (Windows NT 10.0; Win64; x64) AppleWebKit/537.36 (KHTML, like Gecko) Chrome/131.0.0.0 Safari/537.36"
{
  "metadata": {
    "service": "Aqua Assists-api",
    "hostname": "Sandip_10",
    "environment": "development"
  }
}
2025-10-05T09:38:34.310Z [info]: ::1 - - [05/Oct/2025:09:38:34 +0000] "GET /api/weather/forecast?lat=20.5937&lon=78.9629 HTTP/1.1" 200 723 "http://localhost:5173/" "Mozilla/5.0 (Windows NT 10.0; Win64; x64) AppleWebKit/537.36 (KHTML, like Gecko) Chrome/131.0.0.0 Safari/537.36"
{
  "metadata": {
    "service": "Aqua Assists-api",
    "hostname": "Sandip_10",
    "environment": "development"
  }
}
2025-10-05T09:38:35.605Z [info]: ::1 - - [05/Oct/2025:09:38:35 +0000] "GET /api/alerts?status=active HTTP/1.1" 304 - "http://localhost:5173/" "Mozilla/5.0 (Windows NT 10.0; Win64; x64) AppleWebKit/537.36 (KHTML, like Gecko) Chrome/131.0.0.0 Safari/537.36"
{
  "metadata": {
    "service": "Aqua Assists-api",
    "hostname": "Sandip_10",
    "environment": "development"
  }
}
2025-10-05T09:38:38.843Z [info]: ::1 - - [05/Oct/2025:09:38:38 +0000] "GET /api/alerts/nearby?status=active&lat=17.6700736&lng=75.9010467&radius=50 HTTP/1.1" 304 - "http://localhost:5173/" "Mozilla/5.0 (Windows NT 10.0; Win64; x64) AppleWebKit/537.36 (KHTML, like Gecko) Chrome/131.0.0.0 Safari/537.36"
{
  "metadata": {
    "service": "Aqua Assists-api",
    "hostname": "Sandip_10",
    "environment": "development"
  }
}
2025-10-05T09:38:42.145Z [info]: ::1 - - [05/Oct/2025:09:38:42 +0000] "GET /api/alerts?status=active HTTP/1.1" 304 - "http://localhost:5173/" "Mozilla/5.0 (Windows NT 10.0; Win64; x64) AppleWebKit/537.36 (KHTML, like Gecko) Chrome/131.0.0.0 Safari/537.36"
{
  "metadata": {
    "service": "Aqua Assists-api",
    "hostname": "Sandip_10",
    "environment": "development"
  }
}
2025-10-05T09:38:45.290Z [info]: ::1 - - [05/Oct/2025:09:38:45 +0000] "GET /api/alerts/nearby?status=active&lat=17.6700736&lng=75.9010467&radius=50 HTTP/1.1" - - "http://localhost:5173/" "Mozilla/5.0 (Windows NT 10.0; Win64; x64) AppleWebKit/537.36 (KHTML, like Gecko) Chrome/131.0.0.0 Safari/537.36"
{
  "metadata": {
    "service": "Aqua Assists-api",
    "hostname": "Sandip_10",
    "environment": "development"
  }
}
2025-10-05T09:38:49.086Z [info]: ::1 - - [05/Oct/2025:09:38:49 +0000] "GET /api/auth/profile HTTP/1.1" 200 571 "http://localhost:5173/" "Mozilla/5.0 (Windows NT 10.0; Win64; x64) AppleWebKit/537.36 (KHTML, like Gecko) Chrome/131.0.0.0 Safari/537.36"
{
  "metadata": {
    "service": "Aqua Assists-api",
    "hostname": "Sandip_10",
    "environment": "development"
  }
}
2025-10-05T09:38:52.535Z [info]: ::1 - - [05/Oct/2025:09:38:52 +0000] "GET /api/emergency/contacts HTTP/1.1" 304 - "http://localhost:5173/" "Mozilla/5.0 (Windows NT 10.0; Win64; x64) AppleWebKit/537.36 (KHTML, like Gecko) Chrome/131.0.0.0 Safari/537.36"
{
  "metadata": {
    "service": "Aqua Assists-api",
    "hostname": "Sandip_10",
    "environment": "development"
  }
}
2025-10-05T09:38:52.710Z [info]: ::1 - - [05/Oct/2025:09:38:52 +0000] "GET /api/notifications HTTP/1.1" 304 - "http://localhost:5173/citizen-dashboard" "Mozilla/5.0 (Windows NT 10.0; Win64; x64) AppleWebKit/537.36 (KHTML, like Gecko) Chrome/131.0.0.0 Safari/537.36"
{
  "metadata": {
    "service": "Aqua Assists-api",
    "hostname": "Sandip_10",
    "environment": "development"
  }
}
2025-10-05T09:38:53.177Z [warn]: Rate limit exceeded: ::1 (anonymous)
{
  "metadata": {
    "service": "Aqua Assists-api",
    "hostname": "Sandip_10",
    "environment": "development"
  }
}
2025-10-05T09:38:53.179Z [info]: ::1 - - [05/Oct/2025:09:38:53 +0000] "GET /api/alerts?status=active HTTP/1.1" 429 73 "http://localhost:5173/" "Mozilla/5.0 (Windows NT 10.0; Win64; x64) AppleWebKit/537.36 (KHTML, like Gecko) Chrome/131.0.0.0 Safari/537.36"
{
  "metadata": {
    "service": "Aqua Assists-api",
    "hostname": "Sandip_10",
    "environment": "development"
  }
}
2025-10-05T09:38:55.718Z [warn]: Rate limit exceeded: ::1 (anonymous)
{
  "metadata": {
    "service": "Aqua Assists-api",
    "hostname": "Sandip_10",
    "environment": "development"
  }
}
2025-10-05T09:38:55.720Z [info]: ::1 - - [05/Oct/2025:09:38:55 +0000] "GET /api/alerts/active HTTP/1.1" 429 73 "http://localhost:5173/" "Mozilla/5.0 (Windows NT 10.0; Win64; x64) AppleWebKit/537.36 (KHTML, like Gecko) Chrome/131.0.0.0 Safari/537.36"
{
  "metadata": {
    "service": "Aqua Assists-api",
    "hostname": "Sandip_10",
    "environment": "development"
  }
}
2025-10-05T09:38:56.186Z [warn]: Rate limit exceeded: ::1 (anonymous)
{
  "metadata": {
    "service": "Aqua Assists-api",
    "hostname": "Sandip_10",
    "environment": "development"
  }
}
2025-10-05T09:38:56.188Z [info]: ::1 - - [05/Oct/2025:09:38:56 +0000] "GET /api/alerts?status=active HTTP/1.1" 429 73 "http://localhost:5173/" "Mozilla/5.0 (Windows NT 10.0; Win64; x64) AppleWebKit/537.36 (KHTML, like Gecko) Chrome/131.0.0.0 Safari/537.36"
{
  "metadata": {
    "service": "Aqua Assists-api",
    "hostname": "Sandip_10",
    "environment": "development"
  }
}
2025-10-05T09:38:57.000Z [warn]: Rate limit exceeded: ::1 (anonymous)
{
  "metadata": {
    "service": "Aqua Assists-api",
    "hostname": "Sandip_10",
    "environment": "development"
  }
}
2025-10-05T09:38:57.002Z [info]: ::1 - - [05/Oct/2025:09:38:57 +0000] "GET /api/alerts/nearby?status=active&lat=17.6700736&lng=75.9010467&radius=50 HTTP/1.1" 429 73 "http://localhost:5173/" "Mozilla/5.0 (Windows NT 10.0; Win64; x64) AppleWebKit/537.36 (KHTML, like Gecko) Chrome/131.0.0.0 Safari/537.36"
{
  "metadata": {
    "service": "Aqua Assists-api",
    "hostname": "Sandip_10",
    "environment": "development"
  }
}
2025-10-05T09:38:59.034Z [warn]: Rate limit exceeded: ::1 (anonymous)
{
  "metadata": {
    "service": "Aqua Assists-api",
    "hostname": "Sandip_10",
    "environment": "development"
  }
}
2025-10-05T09:38:59.037Z [info]: ::1 - - [05/Oct/2025:09:38:59 +0000] "GET /api/disaster-prone-areas HTTP/1.1" 429 73 "http://localhost:5173/" "Mozilla/5.0 (Windows NT 10.0; Win64; x64) AppleWebKit/537.36 (KHTML, like Gecko) Chrome/131.0.0.0 Safari/537.36"
{
  "metadata": {
    "service": "Aqua Assists-api",
    "hostname": "Sandip_10",
    "environment": "development"
  }
}
2025-10-05T09:39:00.015Z [warn]: Rate limit exceeded: ::1 (anonymous)
{
  "metadata": {
    "service": "Aqua Assists-api",
    "hostname": "Sandip_10",
    "environment": "development"
  }
}
2025-10-05T09:39:00.027Z [info]: ::1 - - [05/Oct/2025:09:39:00 +0000] "GET /api/alerts/nearby?status=active&lat=17.6700736&lng=75.9010467&radius=50 HTTP/1.1" 429 73 "http://localhost:5173/" "Mozilla/5.0 (Windows NT 10.0; Win64; x64) AppleWebKit/537.36 (KHTML, like Gecko) Chrome/131.0.0.0 Safari/537.36"
{
  "metadata": {
    "service": "Aqua Assists-api",
    "hostname": "Sandip_10",
    "environment": "development"
  }
}
2025-10-05T09:39:00.029Z [warn]: Rate limit exceeded: ::1 (anonymous)
{
  "metadata": {
    "service": "Aqua Assists-api",
    "hostname": "Sandip_10",
    "environment": "development"
  }
}
2025-10-05T09:39:00.032Z [info]: ::1 - - [05/Oct/2025:09:39:00 +0000] "GET /api/alerts?status=active HTTP/1.1" 429 73 "http://localhost:5173/" "Mozilla/5.0 (Windows NT 10.0; Win64; x64) AppleWebKit/537.36 (KHTML, like Gecko) Chrome/131.0.0.0 Safari/537.36"
{
  "metadata": {
    "service": "Aqua Assists-api",
    "hostname": "Sandip_10",
    "environment": "development"
  }
}
2025-10-05T09:39:01.672Z [warn]: Rate limit exceeded: ::1 (anonymous)
{
  "metadata": {
    "service": "Aqua Assists-api",
    "hostname": "Sandip_10",
    "environment": "development"
  }
}
2025-10-05T09:39:01.675Z [info]: ::1 - - [05/Oct/2025:09:39:01 +0000] "GET /api/alerts/nearby?status=active&radius=50&lat=17.6700736&lng=75.9010467 HTTP/1.1" 429 73 "http://localhost:5173/" "Mozilla/5.0 (Windows NT 10.0; Win64; x64) AppleWebKit/537.36 (KHTML, like Gecko) Chrome/131.0.0.0 Safari/537.36"
{
  "metadata": {
    "service": "Aqua Assists-api",
    "hostname": "Sandip_10",
    "environment": "development"
  }
}
2025-10-05T09:39:02.045Z [warn]: Rate limit exceeded: ::1 (anonymous)
{
  "metadata": {
    "service": "Aqua Assists-api",
    "hostname": "Sandip_10",
    "environment": "development"
  }
}
2025-10-05T09:39:02.047Z [info]: ::1 - - [05/Oct/2025:09:39:02 +0000] "GET /api/evacuation-centers HTTP/1.1" 429 73 "http://localhost:5173/" "Mozilla/5.0 (Windows NT 10.0; Win64; x64) AppleWebKit/537.36 (KHTML, like Gecko) Chrome/131.0.0.0 Safari/537.36"
{
  "metadata": {
    "service": "Aqua Assists-api",
    "hostname": "Sandip_10",
    "environment": "development"
  }
}
2025-10-05T09:39:03.047Z [warn]: Rate limit exceeded: ::1 (anonymous)
{
  "metadata": {
    "service": "Aqua Assists-api",
    "hostname": "Sandip_10",
    "environment": "development"
  }
}
2025-10-05T09:39:03.049Z [info]: ::1 - - [05/Oct/2025:09:39:03 +0000] "GET /api/alerts?status=active HTTP/1.1" 429 73 "http://localhost:5173/" "Mozilla/5.0 (Windows NT 10.0; Win64; x64) AppleWebKit/537.36 (KHTML, like Gecko) Chrome/131.0.0.0 Safari/537.36"
{
  "metadata": {
    "service": "Aqua Assists-api",
    "hostname": "Sandip_10",
    "environment": "development"
  }
}
2025-10-05T09:39:05.062Z [warn]: Rate limit exceeded: ::1 (anonymous)
{
  "metadata": {
    "service": "Aqua Assists-api",
    "hostname": "Sandip_10",
    "environment": "development"
  }
}
2025-10-05T09:39:05.064Z [info]: ::1 - - [05/Oct/2025:09:39:05 +0000] "GET /api/weather/forecast?lat=20.5937&lon=78.9629 HTTP/1.1" 429 73 "http://localhost:5173/" "Mozilla/5.0 (Windows NT 10.0; Win64; x64) AppleWebKit/537.36 (KHTML, like Gecko) Chrome/131.0.0.0 Safari/537.36"
{
  "metadata": {
    "service": "Aqua Assists-api",
    "hostname": "Sandip_10",
    "environment": "development"
  }
}
2025-10-05T09:39:06.060Z [warn]: Rate limit exceeded: ::1 (anonymous)
{
  "metadata": {
    "service": "Aqua Assists-api",
    "hostname": "Sandip_10",
    "environment": "development"
  }
}
2025-10-05T09:39:06.063Z [info]: ::1 - - [05/Oct/2025:09:39:06 +0000] "GET /api/alerts?status=active HTTP/1.1" 429 73 "http://localhost:5173/" "Mozilla/5.0 (Windows NT 10.0; Win64; x64) AppleWebKit/537.36 (KHTML, like Gecko) Chrome/131.0.0.0 Safari/537.36"
{
  "metadata": {
    "service": "Aqua Assists-api",
    "hostname": "Sandip_10",
    "environment": "development"
  }
}
2025-10-05T09:39:06.067Z [warn]: Rate limit exceeded: ::1 (anonymous)
{
  "metadata": {
    "service": "Aqua Assists-api",
    "hostname": "Sandip_10",
    "environment": "development"
  }
}
2025-10-05T09:39:06.078Z [info]: ::1 - - [05/Oct/2025:09:39:06 +0000] "GET /api/alerts/nearby?status=active&lat=17.6700736&lng=75.9010467&radius=50 HTTP/1.1" 429 73 "http://localhost:5173/" "Mozilla/5.0 (Windows NT 10.0; Win64; x64) AppleWebKit/537.36 (KHTML, like Gecko) Chrome/131.0.0.0 Safari/537.36"
{
  "metadata": {
    "service": "Aqua Assists-api",
    "hostname": "Sandip_10",
    "environment": "development"
  }
}
2025-10-05T09:39:09.094Z [warn]: Rate limit exceeded: ::1 (anonymous)
{
  "metadata": {
    "service": "Aqua Assists-api",
    "hostname": "Sandip_10",
    "environment": "development"
  }
}
2025-10-05T09:39:09.098Z [info]: ::1 - - [05/Oct/2025:09:39:09 +0000] "GET /api/alerts?status=active HTTP/1.1" 429 73 "http://localhost:5173/" "Mozilla/5.0 (Windows NT 10.0; Win64; x64) AppleWebKit/537.36 (KHTML, like Gecko) Chrome/131.0.0.0 Safari/537.36"
{
  "metadata": {
    "service": "Aqua Assists-api",
    "hostname": "Sandip_10",
    "environment": "development"
  }
}
2025-10-05T09:39:09.110Z [warn]: Rate limit exceeded: ::1 (anonymous)
{
  "metadata": {
    "service": "Aqua Assists-api",
    "hostname": "Sandip_10",
    "environment": "development"
  }
}
2025-10-05T09:39:09.117Z [info]: ::1 - - [05/Oct/2025:09:39:09 +0000] "GET /api/alerts/nearby?status=active&lat=17.6700736&lng=75.9010467&radius=50 HTTP/1.1" 429 73 "http://localhost:5173/" "Mozilla/5.0 (Windows NT 10.0; Win64; x64) AppleWebKit/537.36 (KHTML, like Gecko) Chrome/131.0.0.0 Safari/537.36"
{
  "metadata": {
    "service": "Aqua Assists-api",
    "hostname": "Sandip_10",
    "environment": "development"
  }
}
2025-10-05T09:39:12.116Z [warn]: Rate limit exceeded: ::1 (anonymous)
{
  "metadata": {
    "service": "Aqua Assists-api",
    "hostname": "Sandip_10",
    "environment": "development"
  }
}
2025-10-05T09:39:12.120Z [info]: ::1 - - [05/Oct/2025:09:39:12 +0000] "GET /api/alerts?status=active HTTP/1.1" 429 73 "http://localhost:5173/" "Mozilla/5.0 (Windows NT 10.0; Win64; x64) AppleWebKit/537.36 (KHTML, like Gecko) Chrome/131.0.0.0 Safari/537.36"
{
  "metadata": {
    "service": "Aqua Assists-api",
    "hostname": "Sandip_10",
    "environment": "development"
  }
}
2025-10-05T09:39:14.928Z [info]: ::1 - - [05/Oct/2025:09:39:14 +0000] "GET /api/alerts?status=active HTTP/1.1" - - "http://localhost:5173/" "Mozilla/5.0 (Windows NT 10.0; Win64; x64) AppleWebKit/537.36 (KHTML, like Gecko) Chrome/131.0.0.0 Safari/537.36"
{
  "metadata": {
    "service": "Aqua Assists-api",
    "hostname": "Sandip_10",
    "environment": "development"
  }
}
2025-10-05T09:39:18.594Z [warn]: Rate limit exceeded: ::1 (anonymous)
{
  "metadata": {
    "service": "Aqua Assists-api",
    "hostname": "Sandip_10",
    "environment": "development"
  }
}
2025-10-05T09:39:18.597Z [info]: ::1 - - [05/Oct/2025:09:39:18 +0000] "GET /api/auth/profile HTTP/1.1" 429 73 "http://localhost:5173/" "Mozilla/5.0 (Windows NT 10.0; Win64; x64) AppleWebKit/537.36 (KHTML, like Gecko) Chrome/131.0.0.0 Safari/537.36"
{
  "metadata": {
    "service": "Aqua Assists-api",
    "hostname": "Sandip_10",
    "environment": "development"
  }
}
2025-10-05T09:39:21.742Z [warn]: Rate limit exceeded: ::1 (anonymous)
{
  "metadata": {
    "service": "Aqua Assists-api",
    "hostname": "Sandip_10",
    "environment": "development"
  }
}
2025-10-05T09:39:21.744Z [info]: ::1 - - [05/Oct/2025:09:39:21 +0000] "GET /api/emergency/contacts HTTP/1.1" 429 73 "http://localhost:5173/" "Mozilla/5.0 (Windows NT 10.0; Win64; x64) AppleWebKit/537.36 (KHTML, like Gecko) Chrome/131.0.0.0 Safari/537.36"
{
  "metadata": {
    "service": "Aqua Assists-api",
    "hostname": "Sandip_10",
    "environment": "development"
  }
}
2025-10-05T09:39:24.760Z [warn]: Rate limit exceeded: ::1 (anonymous)
{
  "metadata": {
    "service": "Aqua Assists-api",
    "hostname": "Sandip_10",
    "environment": "development"
  }
}
2025-10-05T09:39:24.762Z [info]: ::1 - - [05/Oct/2025:09:39:24 +0000] "GET /api/alerts/active HTTP/1.1" 429 73 "http://localhost:5173/" "Mozilla/5.0 (Windows NT 10.0; Win64; x64) AppleWebKit/537.36 (KHTML, like Gecko) Chrome/131.0.0.0 Safari/537.36"
{
  "metadata": {
    "service": "Aqua Assists-api",
    "hostname": "Sandip_10",
    "environment": "development"
  }
}
2025-10-05T09:39:27.788Z [warn]: Rate limit exceeded: ::1 (anonymous)
{
  "metadata": {
    "service": "Aqua Assists-api",
    "hostname": "Sandip_10",
    "environment": "development"
  }
}
2025-10-05T09:39:27.792Z [info]: ::1 - - [05/Oct/2025:09:39:27 +0000] "GET /api/disaster-prone-areas HTTP/1.1" 429 73 "http://localhost:5173/" "Mozilla/5.0 (Windows NT 10.0; Win64; x64) AppleWebKit/537.36 (KHTML, like Gecko) Chrome/131.0.0.0 Safari/537.36"
{
  "metadata": {
    "service": "Aqua Assists-api",
    "hostname": "Sandip_10",
    "environment": "development"
  }
}
2025-10-05T09:39:28.258Z [warn]: Rate limit exceeded: ::1 (anonymous)
{
  "metadata": {
    "service": "Aqua Assists-api",
    "hostname": "Sandip_10",
    "environment": "development"
  }
}
2025-10-05T09:39:28.303Z [info]: ::1 - - [05/Oct/2025:09:39:28 +0000] "POST /api/auth/login HTTP/1.1" 429 73 "http://localhost:5173/" "Mozilla/5.0 (Windows NT 10.0; Win64; x64) AppleWebKit/537.36 (KHTML, like Gecko) Chrome/131.0.0.0 Safari/537.36"
{
  "metadata": {
    "service": "Aqua Assists-api",
    "hostname": "Sandip_10",
    "environment": "development"
  }
}
2025-10-05T09:39:30.803Z [warn]: Rate limit exceeded: ::1 (anonymous)
{
  "metadata": {
    "service": "Aqua Assists-api",
    "hostname": "Sandip_10",
    "environment": "development"
  }
}
2025-10-05T09:39:30.806Z [info]: ::1 - - [05/Oct/2025:09:39:30 +0000] "GET /api/evacuation-centers HTTP/1.1" 429 73 "http://localhost:5173/" "Mozilla/5.0 (Windows NT 10.0; Win64; x64) AppleWebKit/537.36 (KHTML, like Gecko) Chrome/131.0.0.0 Safari/537.36"
{
  "metadata": {
    "service": "Aqua Assists-api",
    "hostname": "Sandip_10",
    "environment": "development"
  }
}
2025-10-05T09:39:33.834Z [warn]: Rate limit exceeded: ::1 (anonymous)
{
  "metadata": {
    "service": "Aqua Assists-api",
    "hostname": "Sandip_10",
    "environment": "development"
  }
}
2025-10-05T09:39:33.842Z [info]: ::1 - - [05/Oct/2025:09:39:33 +0000] "GET /api/weather/forecast?lat=20.5937&lon=78.9629 HTTP/1.1" 429 73 "http://localhost:5173/" "Mozilla/5.0 (Windows NT 10.0; Win64; x64) AppleWebKit/537.36 (KHTML, like Gecko) Chrome/131.0.0.0 Safari/537.36"
{
  "metadata": {
    "service": "Aqua Assists-api",
    "hostname": "Sandip_10",
    "environment": "development"
  }
}
2025-10-05T09:39:34.394Z [warn]: Rate limit exceeded: ::1 (anonymous)
{
  "metadata": {
    "service": "Aqua Assists-api",
    "hostname": "Sandip_10",
    "environment": "development"
  }
}
2025-10-05T09:39:34.397Z [info]: ::1 - - [05/Oct/2025:09:39:34 +0000] "POST /api/auth/login HTTP/1.1" 429 73 "http://localhost:5173/" "Mozilla/5.0 (Windows NT 10.0; Win64; x64) AppleWebKit/537.36 (KHTML, like Gecko) Chrome/131.0.0.0 Safari/537.36"
{
  "metadata": {
    "service": "Aqua Assists-api",
    "hostname": "Sandip_10",
    "environment": "development"
  }
}
2025-10-05T09:39:44.572Z [warn]: Rate limit exceeded: ::1 (anonymous)
{
  "metadata": {
    "service": "Aqua Assists-api",
    "hostname": "Sandip_10",
    "environment": "development"
  }
}
2025-10-05T09:39:44.573Z [info]: ::1 - - [05/Oct/2025:09:39:44 +0000] "POST /api/auth/login HTTP/1.1" 429 73 "http://localhost:5173/" "Mozilla/5.0 (Windows NT 10.0; Win64; x64) AppleWebKit/537.36 (KHTML, like Gecko) Chrome/131.0.0.0 Safari/537.36"
{
  "metadata": {
    "service": "Aqua Assists-api",
    "hostname": "Sandip_10",
    "environment": "development"
  }
}
2025-10-05T09:39:45.009Z [warn]: Rate limit exceeded: ::1 (anonymous)
{
  "metadata": {
    "service": "Aqua Assists-api",
    "hostname": "Sandip_10",
    "environment": "development"
  }
}
2025-10-05T09:39:45.010Z [info]: ::1 - - [05/Oct/2025:09:39:45 +0000] "POST /api/auth/login HTTP/1.1" 429 73 "http://localhost:5173/" "Mozilla/5.0 (Windows NT 10.0; Win64; x64) AppleWebKit/537.36 (KHTML, like Gecko) Chrome/131.0.0.0 Safari/537.36"
{
  "metadata": {
    "service": "Aqua Assists-api",
    "hostname": "Sandip_10",
    "environment": "development"
  }
}
2025-10-05T09:39:45.147Z [warn]: Rate limit exceeded: ::1 (anonymous)
{
  "metadata": {
    "service": "Aqua Assists-api",
    "hostname": "Sandip_10",
    "environment": "development"
  }
}
2025-10-05T09:39:45.149Z [info]: ::1 - - [05/Oct/2025:09:39:45 +0000] "POST /api/auth/login HTTP/1.1" 429 73 "http://localhost:5173/" "Mozilla/5.0 (Windows NT 10.0; Win64; x64) AppleWebKit/537.36 (KHTML, like Gecko) Chrome/131.0.0.0 Safari/537.36"
{
  "metadata": {
    "service": "Aqua Assists-api",
    "hostname": "Sandip_10",
    "environment": "development"
  }
}
2025-10-05T09:39:45.358Z [warn]: Rate limit exceeded: ::1 (anonymous)
{
  "metadata": {
    "service": "Aqua Assists-api",
    "hostname": "Sandip_10",
    "environment": "development"
  }
}
2025-10-05T09:39:45.361Z [info]: ::1 - - [05/Oct/2025:09:39:45 +0000] "POST /api/auth/login HTTP/1.1" 429 73 "http://localhost:5173/" "Mozilla/5.0 (Windows NT 10.0; Win64; x64) AppleWebKit/537.36 (KHTML, like Gecko) Chrome/131.0.0.0 Safari/537.36"
{
  "metadata": {
    "service": "Aqua Assists-api",
    "hostname": "Sandip_10",
    "environment": "development"
  }
}
2025-10-05T09:39:45.638Z [warn]: Rate limit exceeded: ::1 (anonymous)
{
  "metadata": {
    "service": "Aqua Assists-api",
    "hostname": "Sandip_10",
    "environment": "development"
  }
}
2025-10-05T09:39:45.639Z [info]: ::1 - - [05/Oct/2025:09:39:45 +0000] "POST /api/auth/login HTTP/1.1" 429 73 "http://localhost:5173/" "Mozilla/5.0 (Windows NT 10.0; Win64; x64) AppleWebKit/537.36 (KHTML, like Gecko) Chrome/131.0.0.0 Safari/537.36"
{
  "metadata": {
    "service": "Aqua Assists-api",
    "hostname": "Sandip_10",
    "environment": "development"
  }
}
2025-10-05T09:39:45.840Z [warn]: Rate limit exceeded: ::1 (anonymous)
{
  "metadata": {
    "service": "Aqua Assists-api",
    "hostname": "Sandip_10",
    "environment": "development"
  }
}
2025-10-05T09:39:45.841Z [info]: ::1 - - [05/Oct/2025:09:39:45 +0000] "POST /api/auth/login HTTP/1.1" 429 73 "http://localhost:5173/" "Mozilla/5.0 (Windows NT 10.0; Win64; x64) AppleWebKit/537.36 (KHTML, like Gecko) Chrome/131.0.0.0 Safari/537.36"
{
  "metadata": {
    "service": "Aqua Assists-api",
    "hostname": "Sandip_10",
    "environment": "development"
  }
}
2025-10-05T09:39:47.585Z [warn]: Rate limit exceeded: ::1 (anonymous)
{
  "metadata": {
    "service": "Aqua Assists-api",
    "hostname": "Sandip_10",
    "environment": "development"
  }
}
2025-10-05T09:39:47.587Z [info]: ::1 - - [05/Oct/2025:09:39:47 +0000] "POST /api/auth/login HTTP/1.1" 429 73 "http://localhost:5173/" "Mozilla/5.0 (Windows NT 10.0; Win64; x64) AppleWebKit/537.36 (KHTML, like Gecko) Chrome/131.0.0.0 Safari/537.36"
{
  "metadata": {
    "service": "Aqua Assists-api",
    "hostname": "Sandip_10",
    "environment": "development"
  }
}
2025-10-05T09:39:48.025Z [warn]: Rate limit exceeded: ::1 (anonymous)
{
  "metadata": {
    "service": "Aqua Assists-api",
    "hostname": "Sandip_10",
    "environment": "development"
  }
}
2025-10-05T09:39:48.027Z [info]: ::1 - - [05/Oct/2025:09:39:48 +0000] "POST /api/auth/login HTTP/1.1" 429 73 "http://localhost:5173/" "Mozilla/5.0 (Windows NT 10.0; Win64; x64) AppleWebKit/537.36 (KHTML, like Gecko) Chrome/131.0.0.0 Safari/537.36"
{
  "metadata": {
    "service": "Aqua Assists-api",
    "hostname": "Sandip_10",
    "environment": "development"
  }
}
2025-10-05T09:39:48.165Z [warn]: Rate limit exceeded: ::1 (anonymous)
{
  "metadata": {
    "service": "Aqua Assists-api",
    "hostname": "Sandip_10",
    "environment": "development"
  }
}
2025-10-05T09:39:48.168Z [info]: ::1 - - [05/Oct/2025:09:39:48 +0000] "POST /api/auth/login HTTP/1.1" 429 73 "http://localhost:5173/" "Mozilla/5.0 (Windows NT 10.0; Win64; x64) AppleWebKit/537.36 (KHTML, like Gecko) Chrome/131.0.0.0 Safari/537.36"
{
  "metadata": {
    "service": "Aqua Assists-api",
    "hostname": "Sandip_10",
    "environment": "development"
  }
}
2025-10-05T09:40:04.350Z [warn]: Rate limit exceeded: ::1 (anonymous)
{
  "metadata": {
    "service": "Aqua Assists-api",
    "hostname": "Sandip_10",
    "environment": "development"
  }
}
2025-10-05T09:40:04.354Z [info]: ::1 - - [05/Oct/2025:09:40:04 +0000] "POST /api/auth/login HTTP/1.1" 429 73 "http://localhost:5173/" "Mozilla/5.0 (Windows NT 10.0; Win64; x64) AppleWebKit/537.36 (KHTML, like Gecko) Chrome/131.0.0.0 Safari/537.36"
{
  "metadata": {
    "service": "Aqua Assists-api",
    "hostname": "Sandip_10",
    "environment": "development"
  }
}
2025-10-05T09:40:05.284Z [warn]: Rate limit exceeded: ::1 (anonymous)
{
  "metadata": {
    "service": "Aqua Assists-api",
    "hostname": "Sandip_10",
    "environment": "development"
  }
}
2025-10-05T09:40:05.287Z [info]: ::1 - - [05/Oct/2025:09:40:05 +0000] "POST /api/auth/login HTTP/1.1" 429 73 "http://localhost:5173/" "Mozilla/5.0 (Windows NT 10.0; Win64; x64) AppleWebKit/537.36 (KHTML, like Gecko) Chrome/131.0.0.0 Safari/537.36"
{
  "metadata": {
    "service": "Aqua Assists-api",
    "hostname": "Sandip_10",
    "environment": "development"
  }
}
2025-10-05T09:40:05.520Z [warn]: Rate limit exceeded: ::1 (anonymous)
{
  "metadata": {
    "service": "Aqua Assists-api",
    "hostname": "Sandip_10",
    "environment": "development"
  }
}
2025-10-05T09:40:05.523Z [info]: ::1 - - [05/Oct/2025:09:40:05 +0000] "POST /api/auth/login HTTP/1.1" 429 73 "http://localhost:5173/" "Mozilla/5.0 (Windows NT 10.0; Win64; x64) AppleWebKit/537.36 (KHTML, like Gecko) Chrome/131.0.0.0 Safari/537.36"
{
  "metadata": {
    "service": "Aqua Assists-api",
    "hostname": "Sandip_10",
    "environment": "development"
  }
}
2025-10-05T09:40:13.923Z [warn]: Rate limit exceeded: ::1 (anonymous)
{
  "metadata": {
    "service": "Aqua Assists-api",
    "hostname": "Sandip_10",
    "environment": "development"
  }
}
2025-10-05T09:40:13.925Z [info]: ::1 - - [05/Oct/2025:09:40:13 +0000] "POST /api/auth/login HTTP/1.1" 429 73 "http://localhost:5173/" "Mozilla/5.0 (Windows NT 10.0; Win64; x64) AppleWebKit/537.36 (KHTML, like Gecko) Chrome/131.0.0.0 Safari/537.36"
{
  "metadata": {
    "service": "Aqua Assists-api",
    "hostname": "Sandip_10",
    "environment": "development"
  }
}
2025-10-05T09:40:14.829Z [warn]: Rate limit exceeded: ::1 (anonymous)
{
  "metadata": {
    "service": "Aqua Assists-api",
    "hostname": "Sandip_10",
    "environment": "development"
  }
}
2025-10-05T09:40:14.832Z [info]: ::1 - - [05/Oct/2025:09:40:14 +0000] "POST /api/auth/login HTTP/1.1" 429 73 "http://localhost:5173/" "Mozilla/5.0 (Windows NT 10.0; Win64; x64) AppleWebKit/537.36 (KHTML, like Gecko) Chrome/131.0.0.0 Safari/537.36"
{
  "metadata": {
    "service": "Aqua Assists-api",
    "hostname": "Sandip_10",
    "environment": "development"
  }
}
2025-10-05T09:40:14.984Z [warn]: Rate limit exceeded: ::1 (anonymous)
{
  "metadata": {
    "service": "Aqua Assists-api",
    "hostname": "Sandip_10",
    "environment": "development"
  }
}
2025-10-05T09:40:14.985Z [info]: ::1 - - [05/Oct/2025:09:40:14 +0000] "POST /api/auth/login HTTP/1.1" 429 73 "http://localhost:5173/" "Mozilla/5.0 (Windows NT 10.0; Win64; x64) AppleWebKit/537.36 (KHTML, like Gecko) Chrome/131.0.0.0 Safari/537.36"
{
  "metadata": {
    "service": "Aqua Assists-api",
    "hostname": "Sandip_10",
    "environment": "development"
  }
}
2025-10-05T09:40:15.140Z [warn]: Rate limit exceeded: ::1 (anonymous)
{
  "metadata": {
    "service": "Aqua Assists-api",
    "hostname": "Sandip_10",
    "environment": "development"
  }
}
2025-10-05T09:40:15.142Z [info]: ::1 - - [05/Oct/2025:09:40:15 +0000] "POST /api/auth/login HTTP/1.1" 429 73 "http://localhost:5173/" "Mozilla/5.0 (Windows NT 10.0; Win64; x64) AppleWebKit/537.36 (KHTML, like Gecko) Chrome/131.0.0.0 Safari/537.36"
{
  "metadata": {
    "service": "Aqua Assists-api",
    "hostname": "Sandip_10",
    "environment": "development"
  }
}
2025-10-05T09:40:15.281Z [warn]: Rate limit exceeded: ::1 (anonymous)
{
  "metadata": {
    "service": "Aqua Assists-api",
    "hostname": "Sandip_10",
    "environment": "development"
  }
}
2025-10-05T09:40:15.284Z [info]: ::1 - - [05/Oct/2025:09:40:15 +0000] "POST /api/auth/login HTTP/1.1" 429 73 "http://localhost:5173/" "Mozilla/5.0 (Windows NT 10.0; Win64; x64) AppleWebKit/537.36 (KHTML, like Gecko) Chrome/131.0.0.0 Safari/537.36"
{
  "metadata": {
    "service": "Aqua Assists-api",
    "hostname": "Sandip_10",
    "environment": "development"
  }
}
2025-10-05T09:40:15.422Z [warn]: Rate limit exceeded: ::1 (anonymous)
{
  "metadata": {
    "service": "Aqua Assists-api",
    "hostname": "Sandip_10",
    "environment": "development"
  }
}
2025-10-05T09:40:15.426Z [info]: ::1 - - [05/Oct/2025:09:40:15 +0000] "POST /api/auth/login HTTP/1.1" 429 73 "http://localhost:5173/" "Mozilla/5.0 (Windows NT 10.0; Win64; x64) AppleWebKit/537.36 (KHTML, like Gecko) Chrome/131.0.0.0 Safari/537.36"
{
  "metadata": {
    "service": "Aqua Assists-api",
    "hostname": "Sandip_10",
    "environment": "development"
  }
}
2025-10-05T09:40:16.943Z [warn]: Rate limit exceeded: ::1 (anonymous)
{
  "metadata": {
    "service": "Aqua Assists-api",
    "hostname": "Sandip_10",
    "environment": "development"
  }
}
2025-10-05T09:40:16.946Z [info]: ::1 - - [05/Oct/2025:09:40:16 +0000] "POST /api/auth/login HTTP/1.1" 429 73 "http://localhost:5173/" "Mozilla/5.0 (Windows NT 10.0; Win64; x64) AppleWebKit/537.36 (KHTML, like Gecko) Chrome/131.0.0.0 Safari/537.36"
{
  "metadata": {
    "service": "Aqua Assists-api",
    "hostname": "Sandip_10",
    "environment": "development"
  }
}
2025-10-05T09:40:17.834Z [warn]: Rate limit exceeded: ::1 (anonymous)
{
  "metadata": {
    "service": "Aqua Assists-api",
    "hostname": "Sandip_10",
    "environment": "development"
  }
}
2025-10-05T09:40:17.838Z [info]: ::1 - - [05/Oct/2025:09:40:17 +0000] "POST /api/auth/login HTTP/1.1" 429 73 "http://localhost:5173/" "Mozilla/5.0 (Windows NT 10.0; Win64; x64) AppleWebKit/537.36 (KHTML, like Gecko) Chrome/131.0.0.0 Safari/537.36"
{
  "metadata": {
    "service": "Aqua Assists-api",
    "hostname": "Sandip_10",
    "environment": "development"
  }
}
2025-10-05T09:41:35.733Z [info]: 🚀 Aqua Assists Server running on port 5003
{
  "metadata": {
    "service": "Aqua Assists-api",
    "hostname": "Sandip_10",
    "environment": "development"
  }
}
2025-10-05T09:41:35.737Z [info]: 📚 API Documentation: http://localhost:5003/api-docs
{
  "metadata": {
    "service": "Aqua Assists-api",
    "hostname": "Sandip_10",
    "environment": "development"
  }
}
2025-10-05T09:41:35.737Z [info]: 🌍 Environment: development
{
  "metadata": {
    "service": "Aqua Assists-api",
    "hostname": "Sandip_10",
    "environment": "development"
  }
}
2025-10-05T09:41:38.314Z [info]: MongoDB Connected
{
  "metadata": {
    "service": "Aqua Assists-api",
    "hostname": "Sandip_10",
    "environment": "development"
  }
}
2025-10-05T09:41:44.556Z [info]: ::1 - - [05/Oct/2025:09:41:44 +0000] "POST /api/auth/login HTTP/1.1" 200 972 "http://localhost:5173/" "Mozilla/5.0 (Windows NT 10.0; Win64; x64) AppleWebKit/537.36 (KHTML, like Gecko) Chrome/131.0.0.0 Safari/537.36"
{
  "metadata": {
    "service": "Aqua Assists-api",
    "hostname": "Sandip_10",
    "environment": "development"
  }
}
2025-10-05T09:41:44.894Z [info]: ::1 - - [05/Oct/2025:09:41:44 +0000] "GET /api/alerts?status=active HTTP/1.1" 200 68 "http://localhost:5173/" "Mozilla/5.0 (Windows NT 10.0; Win64; x64) AppleWebKit/537.36 (KHTML, like Gecko) Chrome/131.0.0.0 Safari/537.36"
{
  "metadata": {
    "service": "Aqua Assists-api",
    "hostname": "Sandip_10",
    "environment": "development"
  }
}
2025-10-05T09:41:44.903Z [info]: ::1 - - [05/Oct/2025:09:41:44 +0000] "GET /api/notifications HTTP/1.1" 304 - "http://localhost:5173/citizen-dashboard" "Mozilla/5.0 (Windows NT 10.0; Win64; x64) AppleWebKit/537.36 (KHTML, like Gecko) Chrome/131.0.0.0 Safari/537.36"
{
  "metadata": {
    "service": "Aqua Assists-api",
    "hostname": "Sandip_10",
    "environment": "development"
  }
}
2025-10-05T09:41:44.969Z [info]: ::1 - - [05/Oct/2025:09:41:44 +0000] "GET /api/alerts?status=active HTTP/1.1" 200 67 "http://localhost:5173/" "Mozilla/5.0 (Windows NT 10.0; Win64; x64) AppleWebKit/537.36 (KHTML, like Gecko) Chrome/131.0.0.0 Safari/537.36"
{
  "metadata": {
    "service": "Aqua Assists-api",
    "hostname": "Sandip_10",
    "environment": "development"
  }
}
2025-10-05T09:41:45.145Z [info]: ::1 - - [05/Oct/2025:09:41:45 +0000] "GET /api/alerts/nearby?status=active&lat=17.6700736&lng=75.9010467&radius=50 HTTP/1.1" 200 97 "http://localhost:5173/" "Mozilla/5.0 (Windows NT 10.0; Win64; x64) AppleWebKit/537.36 (KHTML, like Gecko) Chrome/131.0.0.0 Safari/537.36"
{
  "metadata": {
    "service": "Aqua Assists-api",
    "hostname": "Sandip_10",
    "environment": "development"
  }
}
2025-10-05T09:41:45.340Z [info]: ::1 - - [05/Oct/2025:09:41:45 +0000] "GET /api/alerts/nearby?status=active&lat=17.6700736&lng=75.9010467&radius=50 HTTP/1.1" 304 - "http://localhost:5173/" "Mozilla/5.0 (Windows NT 10.0; Win64; x64) AppleWebKit/537.36 (KHTML, like Gecko) Chrome/131.0.0.0 Safari/537.36"
{
  "metadata": {
    "service": "Aqua Assists-api",
    "hostname": "Sandip_10",
    "environment": "development"
  }
}
2025-10-05T09:41:48.520Z [info]: ::1 - - [05/Oct/2025:09:41:48 +0000] "GET /api/auth/profile HTTP/1.1" 200 571 "http://localhost:5173/" "Mozilla/5.0 (Windows NT 10.0; Win64; x64) AppleWebKit/537.36 (KHTML, like Gecko) Chrome/131.0.0.0 Safari/537.36"
{
  "metadata": {
    "service": "Aqua Assists-api",
    "hostname": "Sandip_10",
    "environment": "development"
  }
}
2025-10-05T09:41:48.620Z [info]: ::1 - - [05/Oct/2025:09:41:48 +0000] "GET /api/emergency/contacts HTTP/1.1" 200 230 "http://localhost:5173/" "Mozilla/5.0 (Windows NT 10.0; Win64; x64) AppleWebKit/537.36 (KHTML, like Gecko) Chrome/131.0.0.0 Safari/537.36"
{
  "metadata": {
    "service": "Aqua Assists-api",
    "hostname": "Sandip_10",
    "environment": "development"
  }
}
2025-10-05T09:41:48.675Z [info]: ::1 - - [05/Oct/2025:09:41:48 +0000] "GET /api/alerts?status=active HTTP/1.1" 304 - "http://localhost:5173/" "Mozilla/5.0 (Windows NT 10.0; Win64; x64) AppleWebKit/537.36 (KHTML, like Gecko) Chrome/131.0.0.0 Safari/537.36"
{
  "metadata": {
    "service": "Aqua Assists-api",
    "hostname": "Sandip_10",
    "environment": "development"
  }
}
2025-10-05T09:41:48.752Z [info]: ::1 - - [05/Oct/2025:09:41:48 +0000] "GET /api/alerts/active HTTP/1.1" 200 69 "http://localhost:5173/" "Mozilla/5.0 (Windows NT 10.0; Win64; x64) AppleWebKit/537.36 (KHTML, like Gecko) Chrome/131.0.0.0 Safari/537.36"
{
  "metadata": {
    "service": "Aqua Assists-api",
    "hostname": "Sandip_10",
    "environment": "development"
  }
}
2025-10-05T09:41:48.762Z [info]: ::1 - - [05/Oct/2025:09:41:48 +0000] "GET /api/disaster-prone-areas HTTP/1.1" 200 389 "http://localhost:5173/" "Mozilla/5.0 (Windows NT 10.0; Win64; x64) AppleWebKit/537.36 (KHTML, like Gecko) Chrome/131.0.0.0 Safari/537.36"
{
  "metadata": {
    "service": "Aqua Assists-api",
    "hostname": "Sandip_10",
    "environment": "development"
  }
}
2025-10-05T09:41:48.776Z [info]: ::1 - - [05/Oct/2025:09:41:48 +0000] "GET /api/evacuation-centers HTTP/1.1" 200 566 "http://localhost:5173/" "Mozilla/5.0 (Windows NT 10.0; Win64; x64) AppleWebKit/537.36 (KHTML, like Gecko) Chrome/131.0.0.0 Safari/537.36"
{
  "metadata": {
    "service": "Aqua Assists-api",
    "hostname": "Sandip_10",
    "environment": "development"
  }
}
2025-10-05T09:41:48.829Z [info]: ::1 - - [05/Oct/2025:09:41:48 +0000] "GET /api/alerts?status=active HTTP/1.1" 304 - "http://localhost:5173/" "Mozilla/5.0 (Windows NT 10.0; Win64; x64) AppleWebKit/537.36 (KHTML, like Gecko) Chrome/131.0.0.0 Safari/537.36"
{
  "metadata": {
    "service": "Aqua Assists-api",
    "hostname": "Sandip_10",
    "environment": "development"
  }
}
2025-10-05T09:41:48.862Z [info]: ::1 - - [05/Oct/2025:09:41:48 +0000] "GET /api/notifications HTTP/1.1" 304 - "http://localhost:5173/citizen-dashboard" "Mozilla/5.0 (Windows NT 10.0; Win64; x64) AppleWebKit/537.36 (KHTML, like Gecko) Chrome/131.0.0.0 Safari/537.36"
{
  "metadata": {
    "service": "Aqua Assists-api",
    "hostname": "Sandip_10",
    "environment": "development"
  }
}
2025-10-05T09:41:48.924Z [info]: ::1 - - [05/Oct/2025:09:41:48 +0000] "GET /api/alerts/nearby?status=active&lat=17.6700736&lng=75.9010467&radius=50 HTTP/1.1" 304 - "http://localhost:5173/" "Mozilla/5.0 (Windows NT 10.0; Win64; x64) AppleWebKit/537.36 (KHTML, like Gecko) Chrome/131.0.0.0 Safari/537.36"
{
  "metadata": {
    "service": "Aqua Assists-api",
    "hostname": "Sandip_10",
    "environment": "development"
  }
}
2025-10-05T09:41:49.104Z [info]: ::1 - - [05/Oct/2025:09:41:49 +0000] "GET /api/alerts/nearby?status=active&lat=17.6700736&lng=75.9010467&radius=50 HTTP/1.1" 304 - "http://localhost:5173/" "Mozilla/5.0 (Windows NT 10.0; Win64; x64) AppleWebKit/537.36 (KHTML, like Gecko) Chrome/131.0.0.0 Safari/537.36"
{
  "metadata": {
    "service": "Aqua Assists-api",
    "hostname": "Sandip_10",
    "environment": "development"
  }
}
2025-10-05T09:41:49.192Z [info]: ::1 - - [05/Oct/2025:09:41:49 +0000] "GET /api/weather/forecast?lat=20.5937&lon=78.9629 HTTP/1.1" 200 694 "http://localhost:5173/" "Mozilla/5.0 (Windows NT 10.0; Win64; x64) AppleWebKit/537.36 (KHTML, like Gecko) Chrome/131.0.0.0 Safari/537.36"
{
  "metadata": {
    "service": "Aqua Assists-api",
    "hostname": "Sandip_10",
    "environment": "development"
  }
}
2025-10-05T09:42:19.122Z [info]: ::1 - - [05/Oct/2025:09:42:19 +0000] "GET /api/notifications HTTP/1.1" 304 - "http://localhost:5173/citizen-dashboard" "Mozilla/5.0 (Windows NT 10.0; Win64; x64) AppleWebKit/537.36 (KHTML, like Gecko) Chrome/131.0.0.0 Safari/537.36"
{
  "metadata": {
    "service": "Aqua Assists-api",
    "hostname": "Sandip_10",
    "environment": "development"
  }
}
2025-10-05T09:42:49.430Z [info]: ::1 - - [05/Oct/2025:09:42:49 +0000] "GET /api/notifications HTTP/1.1" 304 - "http://localhost:5173/citizen-dashboard" "Mozilla/5.0 (Windows NT 10.0; Win64; x64) AppleWebKit/537.36 (KHTML, like Gecko) Chrome/131.0.0.0 Safari/537.36"
{
  "metadata": {
    "service": "Aqua Assists-api",
    "hostname": "Sandip_10",
    "environment": "development"
  }
}
2025-10-05T09:43:19.772Z [info]: ::1 - - [05/Oct/2025:09:43:19 +0000] "GET /api/notifications HTTP/1.1" 304 - "http://localhost:5173/citizen-dashboard" "Mozilla/5.0 (Windows NT 10.0; Win64; x64) AppleWebKit/537.36 (KHTML, like Gecko) Chrome/131.0.0.0 Safari/537.36"
{
  "metadata": {
    "service": "Aqua Assists-api",
    "hostname": "Sandip_10",
    "environment": "development"
  }
}
2025-10-05T09:43:50.079Z [info]: ::1 - - [05/Oct/2025:09:43:50 +0000] "GET /api/notifications HTTP/1.1" 304 - "http://localhost:5173/citizen-dashboard" "Mozilla/5.0 (Windows NT 10.0; Win64; x64) AppleWebKit/537.36 (KHTML, like Gecko) Chrome/131.0.0.0 Safari/537.36"
{
  "metadata": {
    "service": "Aqua Assists-api",
    "hostname": "Sandip_10",
    "environment": "development"
  }
}
2025-10-05T09:44:20.436Z [info]: ::1 - - [05/Oct/2025:09:44:20 +0000] "GET /api/notifications HTTP/1.1" 304 - "http://localhost:5173/citizen-dashboard" "Mozilla/5.0 (Windows NT 10.0; Win64; x64) AppleWebKit/537.36 (KHTML, like Gecko) Chrome/131.0.0.0 Safari/537.36"
{
  "metadata": {
    "service": "Aqua Assists-api",
    "hostname": "Sandip_10",
    "environment": "development"
  }
}
2025-10-05T09:44:50.820Z [info]: ::1 - - [05/Oct/2025:09:44:50 +0000] "GET /api/notifications HTTP/1.1" 304 - "http://localhost:5173/citizen-dashboard" "Mozilla/5.0 (Windows NT 10.0; Win64; x64) AppleWebKit/537.36 (KHTML, like Gecko) Chrome/131.0.0.0 Safari/537.36"
{
  "metadata": {
    "service": "Aqua Assists-api",
    "hostname": "Sandip_10",
    "environment": "development"
  }
}
2025-10-05T09:45:21.101Z [info]: ::1 - - [05/Oct/2025:09:45:21 +0000] "GET /api/notifications HTTP/1.1" 304 - "http://localhost:5173/citizen-dashboard" "Mozilla/5.0 (Windows NT 10.0; Win64; x64) AppleWebKit/537.36 (KHTML, like Gecko) Chrome/131.0.0.0 Safari/537.36"
{
  "metadata": {
    "service": "Aqua Assists-api",
    "hostname": "Sandip_10",
    "environment": "development"
  }
}
2025-10-05T09:45:51.395Z [info]: ::1 - - [05/Oct/2025:09:45:51 +0000] "GET /api/notifications HTTP/1.1" 304 - "http://localhost:5173/citizen-dashboard" "Mozilla/5.0 (Windows NT 10.0; Win64; x64) AppleWebKit/537.36 (KHTML, like Gecko) Chrome/131.0.0.0 Safari/537.36"
{
  "metadata": {
    "service": "Aqua Assists-api",
    "hostname": "Sandip_10",
    "environment": "development"
  }
}
2025-10-05T09:46:21.670Z [info]: ::1 - - [05/Oct/2025:09:46:21 +0000] "GET /api/notifications HTTP/1.1" 304 - "http://localhost:5173/citizen-dashboard" "Mozilla/5.0 (Windows NT 10.0; Win64; x64) AppleWebKit/537.36 (KHTML, like Gecko) Chrome/131.0.0.0 Safari/537.36"
{
  "metadata": {
    "service": "Aqua Assists-api",
    "hostname": "Sandip_10",
    "environment": "development"
  }
}
2025-10-05T09:46:49.056Z [info]: ::1 - - [05/Oct/2025:09:46:49 +0000] "GET /api/alerts?status=active HTTP/1.1" 200 68 "http://localhost:5173/" "Mozilla/5.0 (Windows NT 10.0; Win64; x64) AppleWebKit/537.36 (KHTML, like Gecko) Chrome/131.0.0.0 Safari/537.36"
{
  "metadata": {
    "service": "Aqua Assists-api",
    "hostname": "Sandip_10",
    "environment": "development"
  }
}
2025-10-05T09:46:49.165Z [info]: ::1 - - [05/Oct/2025:09:46:49 +0000] "GET /api/alerts?status=active HTTP/1.1" 200 67 "http://localhost:5173/" "Mozilla/5.0 (Windows NT 10.0; Win64; x64) AppleWebKit/537.36 (KHTML, like Gecko) Chrome/131.0.0.0 Safari/537.36"
{
  "metadata": {
    "service": "Aqua Assists-api",
    "hostname": "Sandip_10",
    "environment": "development"
  }
}
2025-10-05T09:46:51.947Z [info]: ::1 - - [05/Oct/2025:09:46:51 +0000] "GET /api/notifications HTTP/1.1" 304 - "http://localhost:5173/citizen-dashboard" "Mozilla/5.0 (Windows NT 10.0; Win64; x64) AppleWebKit/537.36 (KHTML, like Gecko) Chrome/131.0.0.0 Safari/537.36"
{
  "metadata": {
    "service": "Aqua Assists-api",
    "hostname": "Sandip_10",
    "environment": "development"
  }
}
2025-10-05T09:47:22.283Z [info]: ::1 - - [05/Oct/2025:09:47:22 +0000] "GET /api/notifications HTTP/1.1" 304 - "http://localhost:5173/citizen-dashboard" "Mozilla/5.0 (Windows NT 10.0; Win64; x64) AppleWebKit/537.36 (KHTML, like Gecko) Chrome/131.0.0.0 Safari/537.36"
{
  "metadata": {
    "service": "Aqua Assists-api",
    "hostname": "Sandip_10",
    "environment": "development"
  }
}
2025-10-05T09:47:52.950Z [info]: ::1 - - [05/Oct/2025:09:47:52 +0000] "GET /api/notifications HTTP/1.1" 304 - "http://localhost:5173/citizen-dashboard" "Mozilla/5.0 (Windows NT 10.0; Win64; x64) AppleWebKit/537.36 (KHTML, like Gecko) Chrome/131.0.0.0 Safari/537.36"
{
  "metadata": {
    "service": "Aqua Assists-api",
    "hostname": "Sandip_10",
    "environment": "development"
  }
}
2025-10-05T09:48:23.565Z [info]: ::1 - - [05/Oct/2025:09:48:23 +0000] "GET /api/notifications HTTP/1.1" 304 - "http://localhost:5173/citizen-dashboard" "Mozilla/5.0 (Windows NT 10.0; Win64; x64) AppleWebKit/537.36 (KHTML, like Gecko) Chrome/131.0.0.0 Safari/537.36"
{
  "metadata": {
    "service": "Aqua Assists-api",
    "hostname": "Sandip_10",
    "environment": "development"
  }
}
2025-10-05T09:48:54.180Z [info]: ::1 - - [05/Oct/2025:09:48:54 +0000] "GET /api/notifications HTTP/1.1" 304 - "http://localhost:5173/citizen-dashboard" "Mozilla/5.0 (Windows NT 10.0; Win64; x64) AppleWebKit/537.36 (KHTML, like Gecko) Chrome/131.0.0.0 Safari/537.36"
{
  "metadata": {
    "service": "Aqua Assists-api",
    "hostname": "Sandip_10",
    "environment": "development"
  }
}
2025-10-05T09:49:24.798Z [info]: ::1 - - [05/Oct/2025:09:49:24 +0000] "GET /api/notifications HTTP/1.1" 304 - "http://localhost:5173/citizen-dashboard" "Mozilla/5.0 (Windows NT 10.0; Win64; x64) AppleWebKit/537.36 (KHTML, like Gecko) Chrome/131.0.0.0 Safari/537.36"
{
  "metadata": {
    "service": "Aqua Assists-api",
    "hostname": "Sandip_10",
    "environment": "development"
  }
}
2025-10-05T09:49:55.137Z [info]: ::1 - - [05/Oct/2025:09:49:55 +0000] "GET /api/notifications HTTP/1.1" 304 - "http://localhost:5173/citizen-dashboard" "Mozilla/5.0 (Windows NT 10.0; Win64; x64) AppleWebKit/537.36 (KHTML, like Gecko) Chrome/131.0.0.0 Safari/537.36"
{
  "metadata": {
    "service": "Aqua Assists-api",
    "hostname": "Sandip_10",
    "environment": "development"
  }
}
2025-10-05T09:50:25.506Z [info]: ::1 - - [05/Oct/2025:09:50:25 +0000] "GET /api/notifications HTTP/1.1" 304 - "http://localhost:5173/citizen-dashboard" "Mozilla/5.0 (Windows NT 10.0; Win64; x64) AppleWebKit/537.36 (KHTML, like Gecko) Chrome/131.0.0.0 Safari/537.36"
{
  "metadata": {
    "service": "Aqua Assists-api",
    "hostname": "Sandip_10",
    "environment": "development"
  }
}
2025-10-05T09:50:55.880Z [info]: ::1 - - [05/Oct/2025:09:50:55 +0000] "GET /api/notifications HTTP/1.1" 304 - "http://localhost:5173/citizen-dashboard" "Mozilla/5.0 (Windows NT 10.0; Win64; x64) AppleWebKit/537.36 (KHTML, like Gecko) Chrome/131.0.0.0 Safari/537.36"
{
  "metadata": {
    "service": "Aqua Assists-api",
    "hostname": "Sandip_10",
    "environment": "development"
  }
}
2025-10-05T09:51:26.223Z [info]: ::1 - - [05/Oct/2025:09:51:26 +0000] "GET /api/notifications HTTP/1.1" 304 - "http://localhost:5173/citizen-dashboard" "Mozilla/5.0 (Windows NT 10.0; Win64; x64) AppleWebKit/537.36 (KHTML, like Gecko) Chrome/131.0.0.0 Safari/537.36"
{
  "metadata": {
    "service": "Aqua Assists-api",
    "hostname": "Sandip_10",
    "environment": "development"
  }
}
2025-10-05T09:51:49.742Z [info]: ::1 - - [05/Oct/2025:09:51:49 +0000] "GET /api/alerts?status=active HTTP/1.1" 200 69 "http://localhost:5173/" "Mozilla/5.0 (Windows NT 10.0; Win64; x64) AppleWebKit/537.36 (KHTML, like Gecko) Chrome/131.0.0.0 Safari/537.36"
{
  "metadata": {
    "service": "Aqua Assists-api",
    "hostname": "Sandip_10",
    "environment": "development"
  }
}
2025-10-05T09:51:50.285Z [info]: ::1 - - [05/Oct/2025:09:51:50 +0000] "GET /api/alerts?status=active HTTP/1.1" 200 68 "http://localhost:5173/" "Mozilla/5.0 (Windows NT 10.0; Win64; x64) AppleWebKit/537.36 (KHTML, like Gecko) Chrome/131.0.0.0 Safari/537.36"
{
  "metadata": {
    "service": "Aqua Assists-api",
    "hostname": "Sandip_10",
    "environment": "development"
  }
}
2025-10-05T09:51:56.863Z [info]: ::1 - - [05/Oct/2025:09:51:56 +0000] "GET /api/notifications HTTP/1.1" 304 - "http://localhost:5173/citizen-dashboard" "Mozilla/5.0 (Windows NT 10.0; Win64; x64) AppleWebKit/537.36 (KHTML, like Gecko) Chrome/131.0.0.0 Safari/537.36"
{
  "metadata": {
    "service": "Aqua Assists-api",
    "hostname": "Sandip_10",
    "environment": "development"
  }
}
2025-10-05T09:52:27.281Z [info]: ::1 - - [05/Oct/2025:09:52:27 +0000] "GET /api/notifications HTTP/1.1" 304 - "http://localhost:5173/citizen-dashboard" "Mozilla/5.0 (Windows NT 10.0; Win64; x64) AppleWebKit/537.36 (KHTML, like Gecko) Chrome/131.0.0.0 Safari/537.36"
{
  "metadata": {
    "service": "Aqua Assists-api",
    "hostname": "Sandip_10",
    "environment": "development"
  }
}
2025-10-05T09:52:57.680Z [info]: ::1 - - [05/Oct/2025:09:52:57 +0000] "GET /api/notifications HTTP/1.1" 304 - "http://localhost:5173/citizen-dashboard" "Mozilla/5.0 (Windows NT 10.0; Win64; x64) AppleWebKit/537.36 (KHTML, like Gecko) Chrome/131.0.0.0 Safari/537.36"
{
  "metadata": {
    "service": "Aqua Assists-api",
    "hostname": "Sandip_10",
    "environment": "development"
  }
}
2025-10-05T09:53:28.057Z [info]: ::1 - - [05/Oct/2025:09:53:28 +0000] "GET /api/notifications HTTP/1.1" 304 - "http://localhost:5173/citizen-dashboard" "Mozilla/5.0 (Windows NT 10.0; Win64; x64) AppleWebKit/537.36 (KHTML, like Gecko) Chrome/131.0.0.0 Safari/537.36"
{
  "metadata": {
    "service": "Aqua Assists-api",
    "hostname": "Sandip_10",
    "environment": "development"
  }
}
2025-10-05T09:53:58.621Z [info]: ::1 - - [05/Oct/2025:09:53:58 +0000] "GET /api/notifications HTTP/1.1" 304 - "http://localhost:5173/citizen-dashboard" "Mozilla/5.0 (Windows NT 10.0; Win64; x64) AppleWebKit/537.36 (KHTML, like Gecko) Chrome/131.0.0.0 Safari/537.36"
{
  "metadata": {
    "service": "Aqua Assists-api",
    "hostname": "Sandip_10",
    "environment": "development"
  }
}
2025-10-05T09:54:29.030Z [info]: ::1 - - [05/Oct/2025:09:54:29 +0000] "GET /api/notifications HTTP/1.1" 304 - "http://localhost:5173/citizen-dashboard" "Mozilla/5.0 (Windows NT 10.0; Win64; x64) AppleWebKit/537.36 (KHTML, like Gecko) Chrome/131.0.0.0 Safari/537.36"
{
  "metadata": {
    "service": "Aqua Assists-api",
    "hostname": "Sandip_10",
    "environment": "development"
  }
}
2025-10-05T09:54:59.501Z [info]: ::1 - - [05/Oct/2025:09:54:59 +0000] "GET /api/notifications HTTP/1.1" 304 - "http://localhost:5173/citizen-dashboard" "Mozilla/5.0 (Windows NT 10.0; Win64; x64) AppleWebKit/537.36 (KHTML, like Gecko) Chrome/131.0.0.0 Safari/537.36"
{
  "metadata": {
    "service": "Aqua Assists-api",
    "hostname": "Sandip_10",
    "environment": "development"
  }
}
2025-10-05T09:55:29.841Z [info]: ::1 - - [05/Oct/2025:09:55:29 +0000] "GET /api/notifications HTTP/1.1" 304 - "http://localhost:5173/citizen-dashboard" "Mozilla/5.0 (Windows NT 10.0; Win64; x64) AppleWebKit/537.36 (KHTML, like Gecko) Chrome/131.0.0.0 Safari/537.36"
{
  "metadata": {
    "service": "Aqua Assists-api",
    "hostname": "Sandip_10",
    "environment": "development"
  }
}
2025-10-05T09:56:00.268Z [info]: ::1 - - [05/Oct/2025:09:56:00 +0000] "GET /api/notifications HTTP/1.1" 304 - "http://localhost:5173/citizen-dashboard" "Mozilla/5.0 (Windows NT 10.0; Win64; x64) AppleWebKit/537.36 (KHTML, like Gecko) Chrome/131.0.0.0 Safari/537.36"
{
  "metadata": {
    "service": "Aqua Assists-api",
    "hostname": "Sandip_10",
    "environment": "development"
  }
}
2025-10-05T09:56:30.518Z [info]: ::1 - - [05/Oct/2025:09:56:30 +0000] "GET /api/notifications HTTP/1.1" 304 - "http://localhost:5173/citizen-dashboard" "Mozilla/5.0 (Windows NT 10.0; Win64; x64) AppleWebKit/537.36 (KHTML, like Gecko) Chrome/131.0.0.0 Safari/537.36"
{
  "metadata": {
    "service": "Aqua Assists-api",
    "hostname": "Sandip_10",
    "environment": "development"
  }
}
2025-10-05T09:56:48.937Z [info]: ::1 - - [05/Oct/2025:09:56:48 +0000] "GET /api/alerts?status=active HTTP/1.1" 200 68 "http://localhost:5173/" "Mozilla/5.0 (Windows NT 10.0; Win64; x64) AppleWebKit/537.36 (KHTML, like Gecko) Chrome/131.0.0.0 Safari/537.36"
{
  "metadata": {
    "service": "Aqua Assists-api",
    "hostname": "Sandip_10",
    "environment": "development"
  }
}
2025-10-05T09:56:49.128Z [info]: ::1 - - [05/Oct/2025:09:56:49 +0000] "GET /api/alerts?status=active HTTP/1.1" 200 67 "http://localhost:5173/" "Mozilla/5.0 (Windows NT 10.0; Win64; x64) AppleWebKit/537.36 (KHTML, like Gecko) Chrome/131.0.0.0 Safari/537.36"
{
  "metadata": {
    "service": "Aqua Assists-api",
    "hostname": "Sandip_10",
    "environment": "development"
  }
}
2025-10-05T09:57:02.022Z [info]: ::1 - - [05/Oct/2025:09:57:02 +0000] "GET /api/notifications HTTP/1.1" 304 - "http://localhost:5173/citizen-dashboard" "Mozilla/5.0 (Windows NT 10.0; Win64; x64) AppleWebKit/537.36 (KHTML, like Gecko) Chrome/131.0.0.0 Safari/537.36"
{
  "metadata": {
    "service": "Aqua Assists-api",
    "hostname": "Sandip_10",
    "environment": "development"
  }
}
2025-10-05T09:57:32.394Z [info]: ::1 - - [05/Oct/2025:09:57:32 +0000] "GET /api/notifications HTTP/1.1" 304 - "http://localhost:5173/citizen-dashboard" "Mozilla/5.0 (Windows NT 10.0; Win64; x64) AppleWebKit/537.36 (KHTML, like Gecko) Chrome/131.0.0.0 Safari/537.36"
{
  "metadata": {
    "service": "Aqua Assists-api",
    "hostname": "Sandip_10",
    "environment": "development"
  }
}
2025-10-05T09:58:02.733Z [info]: ::1 - - [05/Oct/2025:09:58:02 +0000] "GET /api/notifications HTTP/1.1" 304 - "http://localhost:5173/citizen-dashboard" "Mozilla/5.0 (Windows NT 10.0; Win64; x64) AppleWebKit/537.36 (KHTML, like Gecko) Chrome/131.0.0.0 Safari/537.36"
{
  "metadata": {
    "service": "Aqua Assists-api",
    "hostname": "Sandip_10",
    "environment": "development"
  }
}
2025-10-05T09:58:33.124Z [info]: ::1 - - [05/Oct/2025:09:58:33 +0000] "GET /api/notifications HTTP/1.1" 304 - "http://localhost:5173/citizen-dashboard" "Mozilla/5.0 (Windows NT 10.0; Win64; x64) AppleWebKit/537.36 (KHTML, like Gecko) Chrome/131.0.0.0 Safari/537.36"
{
  "metadata": {
    "service": "Aqua Assists-api",
    "hostname": "Sandip_10",
    "environment": "development"
  }
}
2025-10-05T09:59:03.530Z [info]: ::1 - - [05/Oct/2025:09:59:03 +0000] "GET /api/notifications HTTP/1.1" 304 - "http://localhost:5173/citizen-dashboard" "Mozilla/5.0 (Windows NT 10.0; Win64; x64) AppleWebKit/537.36 (KHTML, like Gecko) Chrome/131.0.0.0 Safari/537.36"
{
  "metadata": {
    "service": "Aqua Assists-api",
    "hostname": "Sandip_10",
    "environment": "development"
  }
}
2025-10-05T09:59:33.978Z [info]: ::1 - - [05/Oct/2025:09:59:33 +0000] "GET /api/notifications HTTP/1.1" 304 - "http://localhost:5173/citizen-dashboard" "Mozilla/5.0 (Windows NT 10.0; Win64; x64) AppleWebKit/537.36 (KHTML, like Gecko) Chrome/131.0.0.0 Safari/537.36"
{
  "metadata": {
    "service": "Aqua Assists-api",
    "hostname": "Sandip_10",
    "environment": "development"
  }
}
2025-10-05T10:00:04.237Z [info]: ::1 - - [05/Oct/2025:10:00:04 +0000] "GET /api/notifications HTTP/1.1" 304 - "http://localhost:5173/citizen-dashboard" "Mozilla/5.0 (Windows NT 10.0; Win64; x64) AppleWebKit/537.36 (KHTML, like Gecko) Chrome/131.0.0.0 Safari/537.36"
{
  "metadata": {
    "service": "Aqua Assists-api",
    "hostname": "Sandip_10",
    "environment": "development"
  }
}
2025-10-05T10:00:34.501Z [info]: ::1 - - [05/Oct/2025:10:00:34 +0000] "GET /api/notifications HTTP/1.1" 304 - "http://localhost:5173/citizen-dashboard" "Mozilla/5.0 (Windows NT 10.0; Win64; x64) AppleWebKit/537.36 (KHTML, like Gecko) Chrome/131.0.0.0 Safari/537.36"
{
  "metadata": {
    "service": "Aqua Assists-api",
    "hostname": "Sandip_10",
    "environment": "development"
  }
}
2025-10-05T10:01:04.800Z [info]: ::1 - - [05/Oct/2025:10:01:04 +0000] "GET /api/notifications HTTP/1.1" 304 - "http://localhost:5173/citizen-dashboard" "Mozilla/5.0 (Windows NT 10.0; Win64; x64) AppleWebKit/537.36 (KHTML, like Gecko) Chrome/131.0.0.0 Safari/537.36"
{
  "metadata": {
    "service": "Aqua Assists-api",
    "hostname": "Sandip_10",
    "environment": "development"
  }
}
2025-10-05T10:01:35.046Z [info]: ::1 - - [05/Oct/2025:10:01:35 +0000] "GET /api/notifications HTTP/1.1" 304 - "http://localhost:5173/citizen-dashboard" "Mozilla/5.0 (Windows NT 10.0; Win64; x64) AppleWebKit/537.36 (KHTML, like Gecko) Chrome/131.0.0.0 Safari/537.36"
{
  "metadata": {
    "service": "Aqua Assists-api",
    "hostname": "Sandip_10",
    "environment": "development"
  }
}
2025-10-05T10:01:49.342Z [info]: ::1 - - [05/Oct/2025:10:01:49 +0000] "GET /api/alerts?status=active HTTP/1.1" 200 69 "http://localhost:5173/" "Mozilla/5.0 (Windows NT 10.0; Win64; x64) AppleWebKit/537.36 (KHTML, like Gecko) Chrome/131.0.0.0 Safari/537.36"
{
  "metadata": {
    "service": "Aqua Assists-api",
    "hostname": "Sandip_10",
    "environment": "development"
  }
}
2025-10-05T10:01:49.523Z [info]: ::1 - - [05/Oct/2025:10:01:49 +0000] "GET /api/alerts?status=active HTTP/1.1" 200 68 "http://localhost:5173/" "Mozilla/5.0 (Windows NT 10.0; Win64; x64) AppleWebKit/537.36 (KHTML, like Gecko) Chrome/131.0.0.0 Safari/537.36"
{
  "metadata": {
    "service": "Aqua Assists-api",
    "hostname": "Sandip_10",
    "environment": "development"
  }
}
2025-10-05T10:01:56.756Z [info]: ::1 - - [05/Oct/2025:10:01:56 +0000] "GET /api/flood-reports?sortBy=newest&limit=20 HTTP/1.1" 304 - "http://localhost:5173/" "Mozilla/5.0 (Windows NT 10.0; Win64; x64) AppleWebKit/537.36 (KHTML, like Gecko) Chrome/131.0.0.0 Safari/537.36"
{
  "metadata": {
    "service": "Aqua Assists-api",
    "hostname": "Sandip_10",
    "environment": "development"
  }
}
2025-10-05T10:01:57.615Z [info]: ::1 - - [05/Oct/2025:10:01:57 +0000] "GET /api/water-issues?district=&state=&issueType=&severity=&status=&verificationStatus=&startDate=&endDate=&sortBy=createdAt&sortOrder=desc&page=1&limit=10 HTTP/1.1" 304 - "http://localhost:5173/" "Mozilla/5.0 (Windows NT 10.0; Win64; x64) AppleWebKit/537.36 (KHTML, like Gecko) Chrome/131.0.0.0 Safari/537.36"
{
  "metadata": {
    "service": "Aqua Assists-api",
    "hostname": "Sandip_10",
    "environment": "development"
  }
}
2025-10-05T10:02:10.805Z [info]: ::1 - - [05/Oct/2025:10:02:10 +0000] "GET /api/water-issues?district=&state=&issueType=&severity=&status=&verificationStatus=&startDate=&endDate=&sortBy=createdAt&sortOrder=desc&page=1&limit=10 HTTP/1.1" 304 - "http://localhost:5173/" "Mozilla/5.0 (Windows NT 10.0; Win64; x64) AppleWebKit/537.36 (KHTML, like Gecko) Chrome/131.0.0.0 Safari/537.36"
{
  "metadata": {
    "service": "Aqua Assists-api",
    "hostname": "Sandip_10",
    "environment": "development"
  }
}
2025-10-05T10:02:13.094Z [info]: ::1 - - [05/Oct/2025:10:02:13 +0000] "GET /api/alerts?status=active HTTP/1.1" 304 - "http://localhost:5173/" "Mozilla/5.0 (Windows NT 10.0; Win64; x64) AppleWebKit/537.36 (KHTML, like Gecko) Chrome/131.0.0.0 Safari/537.36"
{
  "metadata": {
    "service": "Aqua Assists-api",
    "hostname": "Sandip_10",
    "environment": "development"
  }
}
2025-10-05T10:02:13.158Z [info]: ::1 - - [05/Oct/2025:10:02:13 +0000] "GET /api/alerts/nearby?status=active&radius=50&lat=17.6700736&lng=75.9010467 HTTP/1.1" 200 97 "http://localhost:5173/" "Mozilla/5.0 (Windows NT 10.0; Win64; x64) AppleWebKit/537.36 (KHTML, like Gecko) Chrome/131.0.0.0 Safari/537.36"
{
  "metadata": {
    "service": "Aqua Assists-api",
    "hostname": "Sandip_10",
    "environment": "development"
  }
}
2025-10-05T10:02:13.341Z [info]: ::1 - - [05/Oct/2025:10:02:13 +0000] "GET /api/alerts/nearby?status=active&lat=17.6700736&lng=75.9010467&radius=50 HTTP/1.1" 304 - "http://localhost:5173/" "Mozilla/5.0 (Windows NT 10.0; Win64; x64) AppleWebKit/537.36 (KHTML, like Gecko) Chrome/131.0.0.0 Safari/537.36"
{
  "metadata": {
    "service": "Aqua Assists-api",
    "hostname": "Sandip_10",
    "environment": "development"
  }
}
2025-10-05T10:03:33.142Z [info]: ::1 - - [05/Oct/2025:10:03:33 +0000] "GET /api/alerts?status=active HTTP/1.1" 304 - "http://localhost:5173/" "Mozilla/5.0 (Windows NT 10.0; Win64; x64) AppleWebKit/537.36 (KHTML, like Gecko) Chrome/131.0.0.0 Safari/537.36"
{
  "metadata": {
    "service": "Aqua Assists-api",
    "hostname": "Sandip_10",
    "environment": "development"
  }
}
2025-10-05T10:03:33.224Z [info]: ::1 - - [05/Oct/2025:10:03:33 +0000] "GET /api/alerts?status=active HTTP/1.1" 304 - "http://localhost:5173/" "Mozilla/5.0 (Windows NT 10.0; Win64; x64) AppleWebKit/537.36 (KHTML, like Gecko) Chrome/131.0.0.0 Safari/537.36"
{
  "metadata": {
    "service": "Aqua Assists-api",
    "hostname": "Sandip_10",
    "environment": "development"
  }
}
2025-10-05T10:03:33.538Z [info]: ::1 - - [05/Oct/2025:10:03:33 +0000] "GET /api/alerts/nearby?status=active&lat=17.6700736&lng=75.9010467&radius=50 HTTP/1.1" 304 - "http://localhost:5173/" "Mozilla/5.0 (Windows NT 10.0; Win64; x64) AppleWebKit/537.36 (KHTML, like Gecko) Chrome/131.0.0.0 Safari/537.36"
{
  "metadata": {
    "service": "Aqua Assists-api",
    "hostname": "Sandip_10",
    "environment": "development"
  }
}
2025-10-05T10:03:33.693Z [info]: ::1 - - [05/Oct/2025:10:03:33 +0000] "GET /api/alerts/nearby?status=active&lat=17.6700736&lng=75.9010467&radius=50 HTTP/1.1" 304 - "http://localhost:5173/" "Mozilla/5.0 (Windows NT 10.0; Win64; x64) AppleWebKit/537.36 (KHTML, like Gecko) Chrome/131.0.0.0 Safari/537.36"
{
  "metadata": {
    "service": "Aqua Assists-api",
    "hostname": "Sandip_10",
    "environment": "development"
  }
}
2025-10-05T10:03:47.308Z [info]: ::1 - - [05/Oct/2025:10:03:47 +0000] "GET /api/auth/profile HTTP/1.1" 200 571 "http://localhost:5173/" "Mozilla/5.0 (Windows NT 10.0; Win64; x64) AppleWebKit/537.36 (KHTML, like Gecko) Chrome/131.0.0.0 Safari/537.36"
{
  "metadata": {
    "service": "Aqua Assists-api",
    "hostname": "Sandip_10",
    "environment": "development"
  }
}
2025-10-05T10:03:47.513Z [info]: ::1 - - [05/Oct/2025:10:03:47 +0000] "GET /api/emergency/contacts HTTP/1.1" 304 - "http://localhost:5173/" "Mozilla/5.0 (Windows NT 10.0; Win64; x64) AppleWebKit/537.36 (KHTML, like Gecko) Chrome/131.0.0.0 Safari/537.36"
{
  "metadata": {
    "service": "Aqua Assists-api",
    "hostname": "Sandip_10",
    "environment": "development"
  }
}
2025-10-05T10:03:47.524Z [info]: ::1 - - [05/Oct/2025:10:03:47 +0000] "GET /api/alerts?status=active HTTP/1.1" 304 - "http://localhost:5173/" "Mozilla/5.0 (Windows NT 10.0; Win64; x64) AppleWebKit/537.36 (KHTML, like Gecko) Chrome/131.0.0.0 Safari/537.36"
{
  "metadata": {
    "service": "Aqua Assists-api",
    "hostname": "Sandip_10",
    "environment": "development"
  }
}
2025-10-05T10:03:47.625Z [info]: ::1 - - [05/Oct/2025:10:03:47 +0000] "GET /api/alerts?status=active HTTP/1.1" 304 - "http://localhost:5173/" "Mozilla/5.0 (Windows NT 10.0; Win64; x64) AppleWebKit/537.36 (KHTML, like Gecko) Chrome/131.0.0.0 Safari/537.36"
{
  "metadata": {
    "service": "Aqua Assists-api",
    "hostname": "Sandip_10",
    "environment": "development"
  }
}
2025-10-05T10:03:47.627Z [info]: ::1 - - [05/Oct/2025:10:03:47 +0000] "GET /api/notifications HTTP/1.1" 304 - "http://localhost:5173/citizen-dashboard" "Mozilla/5.0 (Windows NT 10.0; Win64; x64) AppleWebKit/537.36 (KHTML, like Gecko) Chrome/131.0.0.0 Safari/537.36"
{
  "metadata": {
    "service": "Aqua Assists-api",
    "hostname": "Sandip_10",
    "environment": "development"
  }
}
2025-10-05T10:03:47.678Z [info]: ::1 - - [05/Oct/2025:10:03:47 +0000] "GET /api/alerts/active HTTP/1.1" 200 68 "http://localhost:5173/" "Mozilla/5.0 (Windows NT 10.0; Win64; x64) AppleWebKit/537.36 (KHTML, like Gecko) Chrome/131.0.0.0 Safari/537.36"
{
  "metadata": {
    "service": "Aqua Assists-api",
    "hostname": "Sandip_10",
    "environment": "development"
  }
}
2025-10-05T10:03:47.723Z [info]: ::1 - - [05/Oct/2025:10:03:47 +0000] "GET /api/disaster-prone-areas HTTP/1.1" 304 - "http://localhost:5173/" "Mozilla/5.0 (Windows NT 10.0; Win64; x64) AppleWebKit/537.36 (KHTML, like Gecko) Chrome/131.0.0.0 Safari/537.36"
{
  "metadata": {
    "service": "Aqua Assists-api",
    "hostname": "Sandip_10",
    "environment": "development"
  }
}
2025-10-05T10:03:47.733Z [info]: ::1 - - [05/Oct/2025:10:03:47 +0000] "GET /api/evacuation-centers HTTP/1.1" 304 - "http://localhost:5173/" "Mozilla/5.0 (Windows NT 10.0; Win64; x64) AppleWebKit/537.36 (KHTML, like Gecko) Chrome/131.0.0.0 Safari/537.36"
{
  "metadata": {
    "service": "Aqua Assists-api",
    "hostname": "Sandip_10",
    "environment": "development"
  }
}
2025-10-05T10:03:47.735Z [info]: ::1 - - [05/Oct/2025:10:03:47 +0000] "GET /api/alerts/nearby?status=active&lat=17.6700736&lng=75.9010467&radius=50 HTTP/1.1" 304 - "http://localhost:5173/" "Mozilla/5.0 (Windows NT 10.0; Win64; x64) AppleWebKit/537.36 (KHTML, like Gecko) Chrome/131.0.0.0 Safari/537.36"
{
  "metadata": {
    "service": "Aqua Assists-api",
    "hostname": "Sandip_10",
    "environment": "development"
  }
}
2025-10-05T10:03:47.863Z [info]: ::1 - - [05/Oct/2025:10:03:47 +0000] "GET /api/alerts/nearby?status=active&lat=17.6700736&lng=75.9010467&radius=50 HTTP/1.1" 304 - "http://localhost:5173/" "Mozilla/5.0 (Windows NT 10.0; Win64; x64) AppleWebKit/537.36 (KHTML, like Gecko) Chrome/131.0.0.0 Safari/537.36"
{
  "metadata": {
    "service": "Aqua Assists-api",
    "hostname": "Sandip_10",
    "environment": "development"
  }
}
2025-10-05T10:03:48.081Z [info]: ::1 - - [05/Oct/2025:10:03:48 +0000] "GET /api/weather/forecast?lat=20.5937&lon=78.9629 HTTP/1.1" 200 694 "http://localhost:5173/" "Mozilla/5.0 (Windows NT 10.0; Win64; x64) AppleWebKit/537.36 (KHTML, like Gecko) Chrome/131.0.0.0 Safari/537.36"
{
  "metadata": {
    "service": "Aqua Assists-api",
    "hostname": "Sandip_10",
    "environment": "development"
  }
}
2025-10-05T10:04:18.012Z [info]: ::1 - - [05/Oct/2025:10:04:18 +0000] "GET /api/notifications HTTP/1.1" 304 - "http://localhost:5173/citizen-dashboard" "Mozilla/5.0 (Windows NT 10.0; Win64; x64) AppleWebKit/537.36 (KHTML, like Gecko) Chrome/131.0.0.0 Safari/537.36"
{
  "metadata": {
    "service": "Aqua Assists-api",
    "hostname": "Sandip_10",
    "environment": "development"
  }
}
2025-10-05T10:04:48.290Z [info]: ::1 - - [05/Oct/2025:10:04:48 +0000] "GET /api/notifications HTTP/1.1" 304 - "http://localhost:5173/citizen-dashboard" "Mozilla/5.0 (Windows NT 10.0; Win64; x64) AppleWebKit/537.36 (KHTML, like Gecko) Chrome/131.0.0.0 Safari/537.36"
{
  "metadata": {
    "service": "Aqua Assists-api",
    "hostname": "Sandip_10",
    "environment": "development"
  }
}
2025-10-05T10:05:18.515Z [info]: ::1 - - [05/Oct/2025:10:05:18 +0000] "GET /api/notifications HTTP/1.1" 304 - "http://localhost:5173/citizen-dashboard" "Mozilla/5.0 (Windows NT 10.0; Win64; x64) AppleWebKit/537.36 (KHTML, like Gecko) Chrome/131.0.0.0 Safari/537.36"
{
  "metadata": {
    "service": "Aqua Assists-api",
    "hostname": "Sandip_10",
    "environment": "development"
  }
}
2025-10-05T10:05:48.715Z [info]: ::1 - - [05/Oct/2025:10:05:48 +0000] "GET /api/notifications HTTP/1.1" 304 - "http://localhost:5173/citizen-dashboard" "Mozilla/5.0 (Windows NT 10.0; Win64; x64) AppleWebKit/537.36 (KHTML, like Gecko) Chrome/131.0.0.0 Safari/537.36"
{
  "metadata": {
    "service": "Aqua Assists-api",
    "hostname": "Sandip_10",
    "environment": "development"
  }
}
2025-10-05T10:06:18.931Z [info]: ::1 - - [05/Oct/2025:10:06:18 +0000] "GET /api/notifications HTTP/1.1" 304 - "http://localhost:5173/citizen-dashboard" "Mozilla/5.0 (Windows NT 10.0; Win64; x64) AppleWebKit/537.36 (KHTML, like Gecko) Chrome/131.0.0.0 Safari/537.36"
{
  "metadata": {
    "service": "Aqua Assists-api",
    "hostname": "Sandip_10",
    "environment": "development"
  }
}
2025-10-05T10:06:49.173Z [info]: ::1 - - [05/Oct/2025:10:06:49 +0000] "GET /api/notifications HTTP/1.1" 304 - "http://localhost:5173/citizen-dashboard" "Mozilla/5.0 (Windows NT 10.0; Win64; x64) AppleWebKit/537.36 (KHTML, like Gecko) Chrome/131.0.0.0 Safari/537.36"
{
  "metadata": {
    "service": "Aqua Assists-api",
    "hostname": "Sandip_10",
    "environment": "development"
  }
}
2025-10-05T10:07:19.472Z [info]: ::1 - - [05/Oct/2025:10:07:19 +0000] "GET /api/notifications HTTP/1.1" 304 - "http://localhost:5173/citizen-dashboard" "Mozilla/5.0 (Windows NT 10.0; Win64; x64) AppleWebKit/537.36 (KHTML, like Gecko) Chrome/131.0.0.0 Safari/537.36"
{
  "metadata": {
    "service": "Aqua Assists-api",
    "hostname": "Sandip_10",
    "environment": "development"
  }
}
2025-10-05T10:07:49.693Z [info]: ::1 - - [05/Oct/2025:10:07:49 +0000] "GET /api/notifications HTTP/1.1" 304 - "http://localhost:5173/citizen-dashboard" "Mozilla/5.0 (Windows NT 10.0; Win64; x64) AppleWebKit/537.36 (KHTML, like Gecko) Chrome/131.0.0.0 Safari/537.36"
{
  "metadata": {
    "service": "Aqua Assists-api",
    "hostname": "Sandip_10",
    "environment": "development"
  }
}
2025-10-05T10:08:19.976Z [info]: ::1 - - [05/Oct/2025:10:08:19 +0000] "GET /api/notifications HTTP/1.1" 304 - "http://localhost:5173/citizen-dashboard" "Mozilla/5.0 (Windows NT 10.0; Win64; x64) AppleWebKit/537.36 (KHTML, like Gecko) Chrome/131.0.0.0 Safari/537.36"
{
  "metadata": {
    "service": "Aqua Assists-api",
    "hostname": "Sandip_10",
    "environment": "development"
  }
}
2025-10-05T10:08:48.090Z [info]: ::1 - - [05/Oct/2025:10:08:48 +0000] "GET /api/alerts?status=active HTTP/1.1" 200 68 "http://localhost:5173/" "Mozilla/5.0 (Windows NT 10.0; Win64; x64) AppleWebKit/537.36 (KHTML, like Gecko) Chrome/131.0.0.0 Safari/537.36"
{
  "metadata": {
    "service": "Aqua Assists-api",
    "hostname": "Sandip_10",
    "environment": "development"
  }
}
2025-10-05T10:08:48.178Z [info]: ::1 - - [05/Oct/2025:10:08:48 +0000] "GET /api/alerts?status=active HTTP/1.1" 200 67 "http://localhost:5173/" "Mozilla/5.0 (Windows NT 10.0; Win64; x64) AppleWebKit/537.36 (KHTML, like Gecko) Chrome/131.0.0.0 Safari/537.36"
{
  "metadata": {
    "service": "Aqua Assists-api",
    "hostname": "Sandip_10",
    "environment": "development"
  }
}
2025-10-05T10:08:50.211Z [info]: ::1 - - [05/Oct/2025:10:08:50 +0000] "GET /api/notifications HTTP/1.1" 304 - "http://localhost:5173/citizen-dashboard" "Mozilla/5.0 (Windows NT 10.0; Win64; x64) AppleWebKit/537.36 (KHTML, like Gecko) Chrome/131.0.0.0 Safari/537.36"
{
  "metadata": {
    "service": "Aqua Assists-api",
    "hostname": "Sandip_10",
    "environment": "development"
  }
}
2025-10-05T10:09:20.447Z [info]: ::1 - - [05/Oct/2025:10:09:20 +0000] "GET /api/notifications HTTP/1.1" 304 - "http://localhost:5173/citizen-dashboard" "Mozilla/5.0 (Windows NT 10.0; Win64; x64) AppleWebKit/537.36 (KHTML, like Gecko) Chrome/131.0.0.0 Safari/537.36"
{
  "metadata": {
    "service": "Aqua Assists-api",
    "hostname": "Sandip_10",
    "environment": "development"
  }
}
2025-10-05T10:09:50.954Z [info]: ::1 - - [05/Oct/2025:10:09:50 +0000] "GET /api/notifications HTTP/1.1" 304 - "http://localhost:5173/citizen-dashboard" "Mozilla/5.0 (Windows NT 10.0; Win64; x64) AppleWebKit/537.36 (KHTML, like Gecko) Chrome/131.0.0.0 Safari/537.36"
{
  "metadata": {
    "service": "Aqua Assists-api",
    "hostname": "Sandip_10",
    "environment": "development"
  }
}
2025-10-05T10:10:21.216Z [info]: ::1 - - [05/Oct/2025:10:10:21 +0000] "GET /api/notifications HTTP/1.1" 304 - "http://localhost:5173/citizen-dashboard" "Mozilla/5.0 (Windows NT 10.0; Win64; x64) AppleWebKit/537.36 (KHTML, like Gecko) Chrome/131.0.0.0 Safari/537.36"
{
  "metadata": {
    "service": "Aqua Assists-api",
    "hostname": "Sandip_10",
    "environment": "development"
  }
}
2025-10-05T10:10:51.965Z [info]: ::1 - - [05/Oct/2025:10:10:51 +0000] "GET /api/notifications HTTP/1.1" 304 - "http://localhost:5173/citizen-dashboard" "Mozilla/5.0 (Windows NT 10.0; Win64; x64) AppleWebKit/537.36 (KHTML, like Gecko) Chrome/131.0.0.0 Safari/537.36"
{
  "metadata": {
    "service": "Aqua Assists-api",
    "hostname": "Sandip_10",
    "environment": "development"
  }
}
2025-10-05T10:11:22.706Z [info]: ::1 - - [05/Oct/2025:10:11:22 +0000] "GET /api/notifications HTTP/1.1" 304 - "http://localhost:5173/citizen-dashboard" "Mozilla/5.0 (Windows NT 10.0; Win64; x64) AppleWebKit/537.36 (KHTML, like Gecko) Chrome/131.0.0.0 Safari/537.36"
{
  "metadata": {
    "service": "Aqua Assists-api",
    "hostname": "Sandip_10",
    "environment": "development"
  }
}
2025-10-05T10:11:52.934Z [info]: ::1 - - [05/Oct/2025:10:11:52 +0000] "GET /api/notifications HTTP/1.1" 304 - "http://localhost:5173/citizen-dashboard" "Mozilla/5.0 (Windows NT 10.0; Win64; x64) AppleWebKit/537.36 (KHTML, like Gecko) Chrome/131.0.0.0 Safari/537.36"
{
  "metadata": {
    "service": "Aqua Assists-api",
    "hostname": "Sandip_10",
    "environment": "development"
  }
}
2025-10-05T10:12:23.217Z [info]: ::1 - - [05/Oct/2025:10:12:23 +0000] "GET /api/notifications HTTP/1.1" 304 - "http://localhost:5173/citizen-dashboard" "Mozilla/5.0 (Windows NT 10.0; Win64; x64) AppleWebKit/537.36 (KHTML, like Gecko) Chrome/131.0.0.0 Safari/537.36"
{
  "metadata": {
    "service": "Aqua Assists-api",
    "hostname": "Sandip_10",
    "environment": "development"
  }
}
2025-10-05T10:12:53.439Z [info]: ::1 - - [05/Oct/2025:10:12:53 +0000] "GET /api/notifications HTTP/1.1" 304 - "http://localhost:5173/citizen-dashboard" "Mozilla/5.0 (Windows NT 10.0; Win64; x64) AppleWebKit/537.36 (KHTML, like Gecko) Chrome/131.0.0.0 Safari/537.36"
{
  "metadata": {
    "service": "Aqua Assists-api",
    "hostname": "Sandip_10",
    "environment": "development"
  }
}
2025-10-05T10:13:23.664Z [info]: ::1 - - [05/Oct/2025:10:13:23 +0000] "GET /api/notifications HTTP/1.1" 304 - "http://localhost:5173/citizen-dashboard" "Mozilla/5.0 (Windows NT 10.0; Win64; x64) AppleWebKit/537.36 (KHTML, like Gecko) Chrome/131.0.0.0 Safari/537.36"
{
  "metadata": {
    "service": "Aqua Assists-api",
    "hostname": "Sandip_10",
    "environment": "development"
  }
}
2025-10-05T10:13:47.774Z [info]: ::1 - - [05/Oct/2025:10:13:47 +0000] "GET /api/alerts?status=active HTTP/1.1" 200 68 "http://localhost:5173/" "Mozilla/5.0 (Windows NT 10.0; Win64; x64) AppleWebKit/537.36 (KHTML, like Gecko) Chrome/131.0.0.0 Safari/537.36"
{
  "metadata": {
    "service": "Aqua Assists-api",
    "hostname": "Sandip_10",
    "environment": "development"
  }
}
2025-10-05T10:13:47.845Z [info]: ::1 - - [05/Oct/2025:10:13:47 +0000] "GET /api/alerts?status=active HTTP/1.1" 200 67 "http://localhost:5173/" "Mozilla/5.0 (Windows NT 10.0; Win64; x64) AppleWebKit/537.36 (KHTML, like Gecko) Chrome/131.0.0.0 Safari/537.36"
{
  "metadata": {
    "service": "Aqua Assists-api",
    "hostname": "Sandip_10",
    "environment": "development"
  }
}
2025-10-05T10:13:53.924Z [info]: ::1 - - [05/Oct/2025:10:13:53 +0000] "GET /api/notifications HTTP/1.1" 304 - "http://localhost:5173/citizen-dashboard" "Mozilla/5.0 (Windows NT 10.0; Win64; x64) AppleWebKit/537.36 (KHTML, like Gecko) Chrome/131.0.0.0 Safari/537.36"
{
  "metadata": {
    "service": "Aqua Assists-api",
    "hostname": "Sandip_10",
    "environment": "development"
  }
}
